Workbook

Sheet 系统
A1: 序号 | B1: ATA | C1: 系统名称
A2: 1 | B2: ATA21 | C2: EATA21 空调系统
A3: 2 | B3: ATA23 | C3: EATA23 通信系统
A4: 3 | B4: ATA24 | C4: EATA24 电源系统
A5: 4 | B5: ATA25 | C5: EATA25 设备/装饰
A6: 5 | B6: ATA26 | C6: EATA26 防火
A7: 6 | B7: ATA27 | C7: EATA27 飞行控制系统
A8: 7 | B8: ATA30 | C8: EATA30 防除冰和除雨
A9: 8 | B9: ATA31 | C9: EATA31 指示记录系统
A10: 9 | B10: ATA32 | C10: EATA32 起落架系统
A11: 10 | B11: ATA33 | C11: EATA33 照明系统
A12: 11 | B12: ATA34 | C12: EATA34 导航系统
A13: 12 | B13: ATA35 | C13: EATA35 氧气
... A23: 22 | B23: ATA92 | C23: EATA92 地面网联系统

Sheet 1、2号机设备清单
A1: 序号 | B1: 系统章节 | C1: 设备名称 | D1: 设备编号 | E1: LIN号 | F1: 安装位置 | G1: 是否为用电设备 | H1: 是否为一级用电设备 | I1: 备注
A2: 1 | B2: EATA23 通信系统 | C2: ELT发射器 | D2: 2321E01001G900 | E2: 2301U3101 | F2: 客舱-顶部 | G2: 是 | H2: 是
A3: 2 | B3: EATA23 通信系统 | C3: ELT天线 | D3: 2321E01003G900 | E3: 2301A3901 | F3: 客舱-外部 | G3: 是 | H3: 否
A4: 3 | B4: EATA23 通信系统 | C4: 音频管理单元1 | D4: 2350E01001G900 | E4: 2302U2501 | F4: 驾驶舱-左设备架 | G4: 是 | H4: 是
A5: 4 | B5: EATA23 通信系统 | C5: 音频管理单元2 | D5: 2350E01001G900 | E5: 2302U2603 | F5: 驾驶舱-右设备架 | G5: 是 | H5: 是
A6: 5 | B6: EATA23 通信系统 | C6: 音频插孔面板1 | D6: 2350E02001G900 | E6: 2302D2401 | F6: 驾驶舱-控制面板 | G6: 是 | H6: 否
A7: 6 | B7: EATA23 通信系统 | C7: 音频插孔面板2 | D7: 2350E02001G900 | E7: 2302D2403 | F7: 驾驶舱-控制面板 | G7: 是 | H7: 否
A8: 7 | B8: EATA23 通信系统 | C8: 悬臂式耳机1 | D8: 2350E02003G900 | E8: 2302R2101 | F8: 驾驶舱-顶部 | G8: 否 | H8: 否
A9: 8 | B9: EATA23 通信系统 | C9: 悬臂式耳机2 | D9: 2350E02003G900 | E9: 2302R2103 | F9: 驾驶舱-顶部 | G9: 否 | H9: 否
A10: 9 | B10: EATA23 通信系统 | C10: 手持话筒1 | D10: 2350E02005G900 | E10: 2302D2101 | F10: 驾驶舱-顶部 | G10: 否 | H10: 否
A11: 10 | B11: EATA23 通信系统 | C11: 手持话筒2 | D11: 2350E02005G900 | E11: 2302D2103 | F11: 驾驶舱-顶部 | G11: 否 | H11: 否
A12: 11 | B12: EATA23 通信系统 | C12: 扬声器1 | D12: 2350E02007G900 | E12: 2302E2101 | F12: 驾驶舱-顶部 | G12: 是 | H12: 否
A13: 12 | B13: EATA23 通信系统 | C13: 扬声器2 | D13: 2350E02007G900 | E13: 2302E2103 | F13: 驾驶舱-顶部 | G13: 是 | H13: 否
... A91: 90 | B91: EATA27 飞行控制系统 | C91: 备份飞控计算机 | D91: 2791E01003G900 | E91: 2701U2505 | F91: 驾驶舱-左设备架 | G91: 是 | H91: 是
A92: 91 | B92: EATA27 飞行控制系统 | C92: 飞控数据记录器1 | D92: 2791E02001U900 | E92: 2702U2601 | F92: 驾驶舱-右设备架 | G92: 是 | H92: 是 | I92: 建议将两个飞控数据记录器用同一个电源引脚进行配电
A93: 92 | B93: EATA27 飞行控制系统 | C93: 飞控数据记录器2 | D93: 2791E02001U900 | E93: 2702U3203 | F93: 客舱-地板上 | G93: 是 | H93: 是 | I93: 建议将两个飞控数据记录器用同一个电源引脚进行配电
A94: 93 | B94: EATA27 飞行控制系统 | C94: 马达控制电子1 | D94: 2792E01001G900 | E94: 2704U3601 | F94: 客舱-后设备舱右设备架 | G94: 是 | H94: 是
A95: 94 | B95: EATA27 飞行控制系统 | C95: 马达控制电子2 | D95: 2792E01001G900 | E95: 2704U3603 | F95: 客舱-后设备舱右设备架 | G95: 是 | H95: 是
A96: 95 | B96: EATA27 飞行控制系统 | C96: 马达控制电子3 | D96: 2792E01001G900 | E96: 2704U3505 | F96: 客舱-后设备舱左设备架 | G96: 是 | H96: 是
A97: 96 | B97: EATA27 飞行控制系统 | C97: 马达控制电子4 | D97: 2792E01001G900 | E97: 2704U3507 | F97: 客舱-后设备舱左设备架 | G97: 是 | H97: 是
A98: 97 | B98: EATA27 飞行控制系统 | C98: 马达控制电子5 | D98: 2792E01003G900 | E98: 2702U3609 | F98: 客舱-后设备舱右设备架 | G98: 是 | H98: 是
A99: 98 | B99: EATA27 飞行控制系统 | C99: 马达控制电子6 | D99: 2792E01003G900 | E99: 2702U3511 | F99: 客舱-后设备舱左设备架 | G99: 是 | H99: 是
A100: 99 | B100: EATA27 飞行控制系统 | C100: 马达控制电子7 | D100: 2792E01005G900 | E100: 2702U6101 | F100: 机翼-中央翼盒 | G100: 是 | H100: 是
A101: 100 | B101: EATA27 飞行控制系统 | C101: 马达控制电子8 | D101: 2792E01005G900 | E101: 2702U6103 | F101: 机翼-中央翼盒 | G101: 是 | H101: 是
A102: 101 | B102: EATA27 飞行控制系统 | C102: 位置传感器6 | D102: 2793E01001G900 | E102: 2702U6211 | F102: 机翼-机翼外段 | G102: 是 | H102: 否
A103: 102 | B103: EATA27 飞行控制系统 | C103: 位置传感器1 | D103: 2793E01001G900 | E103: 2702U6201 | F103: 机翼-机翼外段 | G103: 是 | H103: 否
A104: 103 | B104: EATA27 飞行控制系统 | C104: 位置传感器3 | D104: 2793E01003G900 | E104: 2702U6205 | F104: 机翼-机翼外段 | G104: 是 | H104: 否
A105: 104 | B105: EATA27 飞行控制系统 | C105: 位置传感器4 | D105: 2793E01003G900 | E105: 2702U6207 | F105: 机翼-机翼外段 | G105: 是 | H105: 否
... A118: 117 | B118: EATA30 防除冰和除雨 | C118: 风挡雨刷片2 | D118: 3040E02006G900 | E118: 3002X1909 | F118: 机头-外部 | G118: 否 | H118: 否
A119: 118 | B119: EATA30 防除冰和除雨 | C119: 雨量传感器 | D119: 3040E02007G900 | E119: 3001X1901 | F119: 机头-外部 | G119: 是 | H119: 否 | I119: 功率太小，建议由系统自己为传感器供电
A120: 119 | B120: EATA30 防除冰和除雨 | C120: 风挡清洗罐 | D120: 3040E03001G900 | E120: 3001U1301 | F120: 机头-前附件舱 | G120: 否 | H120: 否
A121: 120 | B121: EATA30 防除冰和除雨 | C121: 喷嘴1 | D121: 3040E03003G900 | E121: 3002X1911 | F121: 机头-外部 | G121: 否 | H121: 否
A122: 121 | B122: EATA30 防除冰和除雨 | C122: 喷嘴2 | D122: 3040E03003G900 | E122: 3002X1913 | F122: 机头-外部 | G122: 否 | H122: 否
A123: 122 | B123: EATA30 防除冰和除雨 | C123: 结冰探测器1 | D123: 3080E01001G900 | E123: 3002U4101 | F123: 下机身前段-前设备舱 | G123: 是 | H123: 是
A124: 123 | B124: EATA30 防除冰和除雨 | C124: 结冰探测器2 | D124: 3080E01003G900 | E124: 3002U4103 | F124: 下机身前段-前设备舱 | G124: 是 | H124: 是
A125: 124 | B125: EATA30 防除冰和除雨 | C125: 结冰探测棒 | D125: 3080E01005G900 | E125: 3001U1901 | F125: 机头-外部 | G125: 是 | H125: 是
A126: 125 | B126: EATA30 防除冰和除雨 | C126: 左侧风挡玻璃及其加热模块组件 | D126: 5610E02001G200 | E126: 5602H2201 | F126: 驾驶舱-地板上 | G126: 是 | H126: 否
A127: 126 | B127: EATA30 防除冰和除雨 | C127: 右侧风挡玻璃及其加热模块组件 | D127: 5610E02002G200 | E127: 5602H2202 | F127: 驾驶舱-地板上 | G127: 是 | H127: 否
A128: 127 | B128: EATA31 指示记录系统 | C128: 区域麦克风（AMP） | D128: 3130E01001G900 | E128: 3101D2403 | F128: 驾驶舱-控制面板 | G128: 是 | H128: 是 | I128: 考虑不由电源系统直接供电，由信息系统计算机供电
A129: 128 | B129: EATA31 指示记录系统 | C129: 三轴加速度计（TAA） | D129: 3130E02001G900 | E129: 3101U6101 | F129: 机翼-中央翼盒 | G129: 是 | H129: 是 | I129: 考虑不由电源系统直接供电，由信息系统计算机供电
A130: 129 | B130: EATA31 指示记录系统 | C130: 机载曲面显示屏 | D130: 3160E01001G900 | E130: 3101P2401 | F130: 驾驶舱-控制面板 | G130: 是 | H130: 是
A131: 130 | B131: EATA31 指示记录系统 | C131: 机载多功能显示器 | D131: 3160E01003G900 | E131: 3101P2403 | F131: 驾驶舱-控制面板 | G131: 是 | H131: 是
A132: 131 | B132: EATA31 指示记录系统 | C132: 显控计算机1 | D132: 3160E02001G900 | E132: 3102U2601 | F132: 驾驶舱-右设备架 | G132: 是 | H132: 是
A133: 132 | B133: EATA31 指示记录系统 | C133: 显控计算机2 | D133: 3160E02001G900 | E133: 3102U2503 | F133: 驾驶舱-左设备架 | G133: 是 | H133: 是
A134: 133 | B134: EATA32 起落架系统 | C134: 左主起落架支柱组件 | D134: 3210E11101G900 | E134: 3201X5101 | F134: 下机身后段-主起落架舱 | G134: 否 | H134: 否
A135: 134 | B135: EATA32 起落架系统 | C135: 左主起轮载传感器1 | D135: 3210E11101G900 | E135: 3202D5101 | F135: 下机身后段-主起落架舱 | G135: 是 | H135: 否
A136: 135 | B136: EATA32 起落架系统 | C136: 左主起轮载传感器2 | D136: 3210E11101G900 | E136: 3202D5103 | F136: 下机身后段-主起落架舱 | G136: 是 | H136: 否
A137: 136 | B137: EATA32 起落架系统 | C137: 右主起轮载传感器1 | D137: 3210E11101G900 | E137: 3202D5113 | F137: 下机身后段-主起落架舱 | G137: 是 | H137: 否
A138: 137 | B138: EATA32 起落架系统 | C138: 右主起轮载传感器2 | D138: 3210E11101G900 | E138: 3202D5115 | F138: 下机身后段-主起落架舱 | G138: 是 | H138: 否
A139: 138 | B139: EATA32 起落架系统 | C139: 右主起落架支柱组件 | D139: 3210E11102G900 | E139: 3201X5102 | F139: 下机身后段-主起落架舱 | G139: 否 | H139: 否
A140: 139 | B140: EATA32 起落架系统 | C140: 左主起落架摇臂组件 | D140: 3210E11200G900 | E140: 3202X5101 | F140: 下机身后段-主起落架舱 | G140: 否 | H140: 否
A141: 140 | B141: EATA32 起落架系统 | C141: 右主起落架摇臂组件 | D141: 3210E11200G900 | E141: 3202X5103 | F141: 下机身后段-主起落架舱 | G141: 否 | H141: 否
... A260: 259 | B260: EATA33 照明系统 | C260: 右滑行灯 | D260: 3342E01001G900 | E260: 3302L1202 | F260: 机头-前起落架舱 | G260: 是 | H260: 是
A261: 260 | B261: EATA33 照明系统 | C261: 左标志灯 | E261: 3300L8901 | F261: 尾段-外部 | G261: 是 | H261: 是
A262: 261 | B262: EATA33 照明系统 | C262: 右标志灯 | E262: 3300L8902 | F262: 尾段-外部 | G262: 是 | H262: 是
A263: 262 | B263: EATA33 照明系统 | C263: 左探冰灯 | E263: 3300L8903 | F263: 左侧前机身 | G263: 是 | H263: 是
A264: 263 | B264: EATA33 照明系统 | C264: 右探冰灯 | E264: 3300L8904 | F264: 右侧前机身 | G264: 是 | H264: 是
A265: 264 | B265: EATA34 导航系统 | C265: 总压传感器1 | D265: 3411E01001G900 | E265: 3403U2901 | F265: 驾驶舱-外部 | G265: 是 | H265: 否
A266: 265 | B266: EATA34 导航系统 | C266: 总压传感器2 | D266: 3411E01001G900 | E266: 3403U2903 | F266: 驾驶舱-外部 | G266: 是 | H266: 否
A267: 266 | B267: EATA34 导航系统 | C267: 总压传感器3 | D267: 3411E01001G900 | E267: 3403U2905 | F267: 驾驶舱-外部 | G267: 是 | H267: 否
A268: 267 | B268: EATA34 导航系统 | C268: 总温传感器1 | D268: 3411E01005G900 | E268: 3402U2901 | F268: 驾驶舱-外部 | G268: 是 | H268: 否
A269: 268 | B269: EATA34 导航系统 | C269: 总温传感器2 | D269: 3411E01005G900 | E269: 3402U2903 | F269: 驾驶舱-外部 | G269: 是 | H269: 否
A270: 269 | B270: EATA34 导航系统 | C270: 攻角传感器1 | D270: 3411E01007G900 | E270: 3403U2907 | F270: 驾驶舱-外部 | G270: 是 | H270: 否
A271: 270 | B271: EATA34 导航系统 | C271: 攻角传感器2 | D271: 3411E01007G900 | E271: 3403U2909 | F271: 驾驶舱-外部 | G271: 是 | H271: 否
A272: 271 | B272: EATA34 导航系统 | C272: 攻角传感器3 | D272: 3411E01007G900 | E272: 3403U2911 | F272: 驾驶舱-外部 | G272: 是 | H272: 否
A273: 272 | B273: EATA34 导航系统 | C273: 侧滑角传感器 | D273: 3411E01009G900 | E273: 3401U1901 | F273: 机头-外部 | G273: 是 | H273: 否
A274: 273 | B274: EATA34 导航系统 | C274: 静压传感器1 | D274: 3411E01011G900 | E274: 3401U1903 | F274: 机头-外部 | G274: 是 | H274: 否
A275: 274 | B275: EATA34 导航系统 | C275: 静压传感器2 | D275: 3411E01013G900 | E275: 3401U1905 | F275: 机头-外部 | G275: 是 | H275: 否
A276: 275 | B276: EATA34 导航系统 | C276: 静压传感器3 | D276: 3411E01015G900 | E276: 3401U1907 | F276: 机头-外部 | G276: 是 | H276: 否
... A326: 325 | B326: EATA34 导航系统 | C326: 北斗卫星导航接收机 | D326: 3459E01001G900 | E326: 3401U3603 | F326: 客舱-后设备舱右设备架 | G326: 是 | H326: 是
A327: 326 | B327: EATA35 氧气 | C327: 便携式氧气瓶组件1 | G327: 否 | H327: 否
A328: 327 | B328: EATA35 氧气 | C328: 便携式氧气瓶组件2 | G328: 否 | H328: 否
A329: 328 | B329: EATA42 机载处理与网络系统 | C329: 飞机数据网络交换机1 | D329: 4230E01001G900 | E329: 4202U2503 | F329: 驾驶舱-左设备架 | G329: 是 | H329: 是
A330: 329 | B330: EATA42 机载处理与网络系统 | C330: 飞机数据网络交换机2 | D330: 4230E01001G900 | E330: 4202U2603 | F330: 驾驶舱-右设备架 | G330: 是 | H330: 是
A331: 330 | B331: EATA42 机载处理与网络系统 | C331: TSN数据记录器1 | D331: 4230E02001U900 | E331: 4202U3201 | F331: 客舱-地板上 | G331: 是 | H331: 是
A332: 331 | B332: EATA42 机载处理与网络系统 | C332: TSN数据记录器2 | D332: 4230E02001U900 | E332: 4202U3205 | F332: 客舱-地板上 | G332: 是 | H332: 是
A333: 332 | B333: EATA42 机载处理与网络系统 | C333: 数据接口单元1 | D333: 4240E01001G900 | E333: 4206U2601 | F333: 驾驶舱-右设备架 | G333: 是 | H333: 是
A334: 333 | B334: EATA42 机载处理与网络系统 | C334: 数据接口单元2 | D334: 4240E01001G900 | E334: 4206U2603 | F334: 驾驶舱-右设备架 | G334: 是 | H334: 是
A335: 334 | B335: EATA42 机载处理与网络系统 | C335: 数据接口单元3 | D335: 4240E01001G900 | E335: 4206U2501 | F335: 驾驶舱-左设备架 | G335: 是 | H335: 是
A336: 335 | B336: EATA42 机载处理与网络系统 | C336: 数据接口单元4 | D336: 4240E01001G900 | E336: 4206U3501 | F336: 客舱-后设备舱左设备架 | G336: 是 | H336: 是
A337: 336 | B337: EATA42 机载处理与网络系统 | C337: 数据接口单元5 | D337: 4240E01001G900 | E337: 4206U3503 | F337: 客舱-后设备舱左设备架 | G337: 是 | H337: 是
A338: 337 | B338: EATA42 机载处理与网络系统 | C338: 数据接口单元6 | D338: 4240E01001G900 | E338: 4206U3601 | F338: 客舱-后设备舱右设备架 | G338: 是 | H338: 是
A339: 338 | B339: EATA45 维护与健康管理系统 | C339: 结构健康监测设备 | D339: 4552E01001G900 | E339: 4501U3603 | F339: 客舱-后设备舱右设备架 | G339: 是 | H339: 是
A340: 339 | B340: EATA45 维护与健康管理系统 | C340: 结构健康监测光纤传感器1 | D340: 4552E02001G900 | E340: 4516F6201 | F340: 机翼-机翼外段 | G340: 否 | H340: 否
... A387: 386 | B387: EATA86 电推进系统 | C387: 电驱系统10 | D387: 8611E01001G900 | E387: 8610M7507 | F387: 短舱-5号短舱（机翼外侧） | G387: 是 | H387: 是
A388: 387 | B388: EATA86 电推进系统 | C388: 构型A动力电池（含BMS与继电器开关）1 | D388: #REF! | E388: 8605Q4201 | F388: 下机身前段-1号动力电池舱 | G388: 是 | H388: 是
A389: 388 | B389: EATA86 电推进系统 | C389: 构型A动力电池（含BMS与继电器开关）2 | D389: #REF! | E389: 8605Q4301 | F389: 下机身前段-2号动力电池舱 | G389: 是 | H389: 是
A390: 389 | B390: EATA86 电推进系统 | C390: 构型A动力电池（含BMS与继电器开关）3 | D390: #REF! | E390: 8605Q4401 | F390: 下机身前段-3号动力电池舱 | G390: 是 | H390: 是
A391: 390 | B391: EATA86 电推进系统 | C391: 构型A动力电池（含BMS与继电器开关）4 | D391: #REF! | E391: 8605Q5301 | F391: 下机身后段-4号动力电池舱 | G391: 是 | H391: 是
A392: 391 | B392: EATA86 电推进系统 | C392: 构型A动力电池（含BMS与继电器开关）5 | D392: #REF! | E392: 8605Q5401 | F392: 下机身后段-5号动力电池舱 | G392: 是 | H392: 是
A393: 392 | B393: EATA86 电推进系统 | C393: 构型A动力电池冷却系统 | E393: 8600Q5601 | G393: 是 | H393: 是
A394: 393 | B394: EATA86 电推进系统 | C394: 800V电池包缓冲层1 | D394: 8621E04100G200 | E394: 8601X4201 | F394: 下机身前段-1号动力电池舱 | G394: 否 | H394: 否
A395: 394 | B395: EATA86 电推进系统 | C395: 800V电池包缓冲层2 | D395: 8621E04200G200 | E395: 8601X4301 | F395: 下机身前段-2号动力电池舱 | G395: 否 | H395: 否
A396: 395 | B396: EATA86 电推进系统 | C396: 800V电池包缓冲层3 | D396: 8621E04300G200 | E396: 8601X4401 | F396: 下机身前段-3号动力电池舱 | G396: 否 | H396: 否
A397: 396 | B397: EATA86 电推进系统 | C397: 270V电池包缓冲层 | D397: 8621E04400G200 | E397: 8601X5201 | F397: 下机身后段-中设备舱 | G397: 否 | H397: 否
A398: 397 | B398: EATA86 电推进系统 | C398: 800V电池包缓冲层4 | D398: 8621E04500G200 | E398: 8601X5301 | F398: 下机身后段-4号动力电池舱 | G398: 否 | H398: 否
A399: 398 | B399: EATA86 电推进系统 | C399: 800V电池包缓冲层5 | D399: 8621E04600G200 | E399: 8601X5401 | F399: 下机身后段-5号动力电池舱 | G399: 否 | H399: 否
A400: 399 | B400: EATA86 电推进系统 | C400: 涵道风扇1（金属） | D400: 8630E02001G400 | E400: 8608M7101 | F400: 短舱-1号短舱（机翼内侧） | G400: 否 | H400: 否
A401: 400 | B401: EATA86 电推进系统 | C401: 涵道风扇2（金属） | D401: 8630E02001G400 | E401: 8608M7201 | F401: 短舱-2号短舱 | G401: 否 | H401: 否
A402: 401 | B402: EATA86 电推进系统 | C402: 涵道风扇3（金属） | D402: 8630E02001G400 | E402: 8608M7301 | F402: 短舱-3号短舱 | G402: 否 | H402: 否
...

Sheet 负载电气特性
A1: 负载电气特性 | O1: 负载校核
A2: 序号 | B2: 负载ID | C2: 系统章节 | D2: 设备名称 | E2: 设备编号 | F2: LIN号 | G2: 正常工作电压等级（V） | H2: 正常工作电压范围（V） | I2: 是否需要软启动 | J2: 峰值功率（kW） | K2: 峰值功率时间（s） | L2: 供电路数 | M2: 有无供电非相似需求 | N2: 应急是否可卸载 | O2: 工作功率（kW） | P2: 实际功率（kW） | Q2: 功率余量 | R2: 实测电流(A) | S2: 峰值功率/工作功率
A3: 1 | B3: 2301U3101-28V | C3: EATA23 通信系统 | D3: ELT发射器 | E3: 2321E01001G900 | F3: 2301U3101 | G3: 28 | H3: 18-32V | I3: 否 | J3: 0.015 | K3: 0.55 | L3: 单通道供电 | M3: 无 | N3: 否 | O3: 0.00336 | P3: / | Q3: / | R3: / | S3: =J3/O3 -> 4.4642857
A4: 2 | B4: 2302U2501-28V | C4: EATA23 通信系统 | D4: 音频管理单元1 | E4: 2350E01001G900 | F4: 2302U2501 | G4: 28 | H4: 18-32V | I4: 否 | J4: 0.18 | K4: 0.12 | L4: 双通道供电 | M4: 无 | N4: 否 | O4: 0.032 | P4: / | Q4: / | R4: / | S4: =J4/O4 -> 5.625
A5: 3 | B5: 2302U2603-28V | C5: EATA23 通信系统 | D5: 音频管理单元2 | E5: 2350E01001G900 | F5: 2302U2603 | G5: 28 | H5: 18-32V | I5: 否 | J5: 0.18 | K5: 0.12 | L5: 双通道供电 | M5: 无 | N5: 否 | O5: 0.032 | P5: / | Q5: / | R5: / | S5: =J5/O5 -> 5.625
A6: 4 | B6: 2301T3401-28V | C6: EATA23 通信系统 | D6: 电源转换模块 | E6: 2393E01005U900 | F6: 2301T3401 | G6: 28 | H6: 18-32V | I6: 否 | J6: 0.8 | K6: 0.001 | L6: 双通道供电 | M6: 无 | N6: 否 | O6: 0.36 | P6: / | Q6: / | R6: / | S6: =J6/O6 -> 2.2222222
A7: 5 | B7: 2401G4101-28V | C7: EATA24 电源系统 | D7: E 270V电池（含BMS） | E7: 2431E01001G900 | F7: 2401G4101 | G7: 28 | H7: 18-32V | I7: 否 | J7: 0.25 | K7: 0.05 | L7: 双通道供电 | M7: 有 | N7: 否 | O7: 0.1 | P7: / | Q7: / | R7: / | S7: =J7/O7 -> 2.5
A8: 6 | B8: 2401G5201-28V-L | C8: EATA24 电源系统 | D8: LR 270V电池（含BMS） | E8: 2431E01003G900 | F8: 2401G5201 | G8: 28 | H8: 18-32V | I8: 否 | J8: 0.25 | K8: 0.05 | L8: 双通道供电 | M8: 有 | N8: 否 | O8: 0.1 | P8: / | Q8: / | R8: / | S8: =J8/O8 -> 2.5
A9: 7 | B9: 2401G5201-28V-R | C9: EATA24 电源系统 | D9: LR 270V电池（含BMS） | E9: 2431E01003G900 | F9: 2401G5201 | G9: 28 | H9: 18-32V | I9: 否 | J9: 0.25 | K9: 0.05 | L9: 双通道供电 | M9: 有 | N9: 否 | O9: 0.1 | P9: / | Q9: / | R9: / | S9: =J9/O9 -> 2.5
A10: 8 | B10: 2401G4103-28V | C10: EATA24 电源系统 | D10: 应急28V电池（含BMS） | E10: 2432E01001G900 | F10: 2401G4103 | G10: 28 | H10: 18-32V | I10: 否 | J10: 0.2 | K10: 0.05 | L10: 双通道供电 | M10: 有 | N10: 否 | O10: 0.1 | P10: / | Q10: / | R10: / | S10: =J10/O10 -> 2
A11: 9 | B11: 2401U3401-28V | C11: EATA24 电源系统 | D11: 左配电盘箱 | E11: 2461E01001G900 | F11: 2401U3401 | G11: 28 | H11: 18-32V | I11: 否 | J11: 0.06 | K11: 0.1 | L11: 双通道供电 | M11: 有 | N11: 否 | O11: 0.04 | P11: / | Q11: / | R11: / | S11: =J11/O11 -> 1.5
A12: 10 | B12: 2401U3403-28V | C12: EATA24 电源系统 | D12: 右配电盘箱 | E12: 2461E01003G900 | F12: 2401U3403 | G12: 28 | H12: 18-32V | I12: 否 | J12: 0.06 | K12: 0.1 | L12: 双通道供电 | M12: 有 | N12: 否 | O12: 0.04 | P12: / | Q12: / | R12: / | S12: =J12/O12 -> 1.5
A13: 11 | B13: 2401U2601-28V | C13: EATA24 电源系统 | D13: 应急配电盘箱 | E13: 2461E01005G900 | F13: 2401U2601 | G13: 28 | H13: 18-32V | I13: 否 | J13: 0.06 | K13: 0.1 | L13: 双通道供电 | M13: 有 | N13: 否 | O13: 0.04 | P13: / | Q13: / | R13: / | S13: =J13/O13 -> 1.5
A14: 12 | B14: 2404U2601-28V | C14: EATA24 电源系统 | D14: 远程配电装置 RPDU1 | E14: 2462E01001G900 | F14: 2404U2601 | G14: 28 | H14: 18-32V | I14: 否 | J14: 0.2 | K14: 10 | L14: 双通道供电 | M14: 有 | N14: 否 | O14: 0.1 | P14: / | Q14: / | R14: / | S14: =J14/O14 -> 2
... A19: 17 | B19: 2501U2403-28V | C19: EATA25 设备/装饰 | D19: 应急控制板 | E19: 2519E02001G900 | F19: 2501U2403 | G19: 28 | H19: 18-32V | I19: 否 | J19: 0.06 | K19: 0.05 | L19: 单通道供电 | M19: 无 | N19: 否 | O19: 0.005 | P19: / | Q19: / | R19: / | S19: =J19/O19 -> 12
A20: 18 | B20: 2501U2405-28V | C20: EATA25 设备/装饰 | D20: 电源控制板 | E20: 2519E03001G900 | F20: 2501U2405 | G20: 28 | H20: 18-32V | I20: 否 | J20: 0.06 | K20: 0.05 | L20: 单通道供电 | M20: 无 | N20: 否 | O20: 0.005 | P20: 0.00168 | Q20: =O20/P20 -> 2.9761905 | R20: 0.06 | S20: =J20/O20 -> 12
A21: 19 | B21: 2501U2407-28V | C21: EATA25 设备/装饰 | D21: 推力手柄 | E21: 2519E04001G900 | F21: 2501U2407 | G21: 28 | H21: 18-32V | I21: 否 | J21: 0.12 | K21: 0.05 | L21: 双通道供电 | M21: 无 | N21: 否 | O21: 0.028 | P21: / | Q21: / | R21: / | S21: =J21/O21 -> 4.2857143
A22: 20 | B22: 2703U3601-28V | C22: EATA27 飞行控制系统 | D22: 主飞控计算机1 | E22: 2791E01001G900 | F22: 2703U3601 | G22: 28 | H22: 18-32V | I22: 否 | J22: 0.382 | K22: 0.2 | L22: 双通道供电 | M22: 有 | N22: 否 | O22: 0.065 | P22: 0.04088 | Q22: =O22/P22 -> 1.5900196 | R22: 1.46 | S22: =J22/O22 -> 5.8769231
A23: 21 | B23: 2703U3501-28V | C23: EATA27 飞行控制系统 | D23: 主飞控计算机2 | E23: 2791E01001G900 | F23: 2703U3501 | G23: 28 | H23: 18-32V | I23: 否 | J23: 0.382 | K23: 0.2 | L23: 双通道供电 | M23: 有 | N23: 否 | O23: 0.065 | P23: 0.04116 | Q23: =O23/P23 -> 1.5792031 | R23: 1.47 | S23: =J23/O23 -> 5.8769231
A24: 22 | B24: 2703U2603-28V | C24: EATA27 飞行控制系统 | D24: 主飞控计算机3 | E24: 2791E01001G900 | F24: 2703U2603 | G24: 28 | H24: 18-32V | I24: 否 | J24: 0.382 | K24: 0.2 | L24: 双通道供电 | M24: 有 | N24: 否 | O24: 0.065 | P24: 0.04144 | Q24: =O24/P24 -> 1.5685328 | R24: 1.48 | S24: =J24/O24 -> 5.8769231
A25: 23 | B25: 2701U2505-28V | C25: EATA27 飞行控制系统 | D25: 备份飞控计算机 | E25: 2791E01003G900 | F25: 2701U2505 | G25: 28 | H25: 18-32V | I25: 否 | J25: 0.382 | K25: 0.2 | L25: 双通道供电 | M25: 有 | N25: 否 | O25: 0.06 | P25: / | Q25: / | R25: / | S25: =J25/O25 -> 6.3666667
A26: 24 | B26: 2702U2601-28V | C26: EATA27 飞行控制系统 | D26: 飞控数据记录器1 | E26: 2791E02001U900 | F26: 2702U2601 | G26: 28 | H26: 5-28V | I26: 否 | J26: 0.05 | K26: 3 | L26: 单通道供电 | M26: 无 | N26: 是 | O26: 0.025 | P26: 0.0154 | Q26: =O26/P26 -> 1.6233766 | R26: 0.55 | S26: =J26/O26 -> 2
A27: 25 | B27: 2702U3203-28V | C27: EATA27 飞行控制系统 | D27: 飞控数据记录器2 | E27: 2791E02001U900 | F27: 2702U3203 | G27: 28 | H27: 5-28V | I27: 否 | J27: 0.05 | K27: 3 | L27: 单通道供电 | M27: 无 | N27: 是 | O27: 0.025 | P27: 0.01512 | Q27: =O27/P27 -> 1.6534392 | R27: 0.54 | S27: =J27/O27 -> 2
A28: 26 | B28: 2704U3601-270V-功率 | C28: EATA27 飞行控制系统 | D28: 马达控制电子1 | E28: 2792E01001G900 | F28: 2704U3601 | G28: 270 | H28: 200-300V | I28: 是 | J28: 13.5 | K28: 60 | L28: 双通道供电 | M28: 有 | N28: 否 | O28: 2.5 | P28: / | Q28: / | R28: / | S28: =J28/O28 -> 5.4
A29: 27 | B29: 2704U3601-28V-控制 | C29: EATA27 飞行控制系统 | D29: 马达控制电子1 | E29: 2792E01001G900 | F29: 2704U3601 | G29: 28 | H29: 18-33V | I29: 否 | J29: 0.224 | K29: 0.05 | L29: 双通道供电 | M29: 有 | N29: 否 | O29: 0.03 | P29: 0.0084 | Q29: =O29/P29 -> 3.5714286 | R29: 0.3 | S29: =J29/O29 -> 7.4666667
A30: 28 | B30: 2704U3603-270V-功率 | C30: EATA27 飞行控制系统 | D30: 马达控制电子2 | E30: 2792E01001G900 | F30: 2704U3603 | G30: 270 | H30: 200-300V | I30: 是 | J30: 13.5 | K30: 60 | L30: 双通道供电 | M30: 有 | N30: 否 | O30: 2.5 | P30: / | Q30: / | R30: / | S30: =J30/O30 -> 5.4
A31: 29 | B31: 2704U3603-28V-控制 | C31: EATA27 飞行控制系统 | D31: 马达控制电子2 | E31: 2792E01001G900 | F31: 2704U3603 | G31: 28 | H31: 18-33V | I31: 否 | J31: 0.224 | K31: 0.05 | L31: 双通道供电 | M31: 有 | N31: 否 | O31: 0.03 | P31: 0.0084 | Q31: =O31/P31 -> 3.5714286 | R31: 0.3 | S31: =J31/O31 -> 7.4666667
A32: 30 | B32: 2704U3505-270V-功率 | C32: EATA27 飞行控制系统 | D32: 马达控制电子3 | E32: 2792E01001G900 | F32: 2704U3505 | G32: 270 | H32: 200-300V | I32: 是 | J32: 13.5 | K32: 60 | L32: 双通道供电 | M32: 有 | N32: 否 | O32: 2.5 | P32: / | Q32: / | R32: / | S32: =J32/O32 -> 5.4
A33: 31 | B33: 2704U3505-28V-控制 | C33: EATA27 飞行控制系统 | D33: 马达控制电子3 | E33: 2792E01001G900 | F33: 2704U3505 | G33: 28 | H33: 18-33V | I33: 否 | J33: 0.224 | K33: 0.05 | L33: 双通道供电 | M33: 有 | N33: 否 | O33: 0.03 | P33: 0.0084 | Q33: =O33/P33 -> 3.5714286 | R33: 0.3 | S33: =J33/O33 -> 7.4666667
A34: 32 | B34: 2704U3507-270V-功率 | C34: EATA27 飞行控制系统 | D34: 马达控制电子4 | E34: 2792E01001G900 | F34: 2704U3507 | G34: 270 | H34: 200-300V | I34: 是 | J34: 13.5 | K34: 60 | L34: 双通道供电 | M34: 有 | N34: 否 | O34: 2.5 | P34: / | Q34: / | R34: / | S34: =J34/O34 -> 5.4
A35: 33 | B35: 2704U3507-28V-控制 | C35: EATA27 飞行控制系统 | D35: 马达控制电子4 | E35: 2792E01001G900 | F35: 2704U3507 | G35: 28 | H35: 18-33V | I35: 否 | J35: 0.224 | K35: 0.05 | L35: 双通道供电 | M35: 有 | N35: 否 | O35: 0.03 | P35: 0.0084 | Q35: =O35/P35 -> 3.5714286 | R35: 0.3 | S35: =J35/O35 -> 7.4666667
A36: 34 | B36: 2702U3609-270V-功率 | C36: EATA27 飞行控制系统 | D36: 马达控制电子5 | E36: 2792E01003G900 | F36: 2702U3609 | G36: 270 | H36: 200-300V | I36: 是 | J36: 13.5 | K36: 60 | L36: 双通道供电 | M36: 有 | N36: 否 | O36: 1.65 | P36: / | Q36: / | R36: / | S36: =J36/O36 -> 8.1818182
A37: 35 | B37: 2702U3609-28V-控制 | C37: EATA27 飞行控制系统 | D37: 马达控制电子5 | E37: 2792E01003G900 | F37: 2702U3609 | G37: 28 | H37: 18-33V | I37: 否 | J37: 0.224 | K37: 0.05 | L37: 双通道供电 | M37: 有 | N37: 否 | O37: 0.03 | P37: 0.0084 | Q37: =O37/P37 -> 3.5714286 | R37: 0.3 | S37: =J37/O37 -> 7.4666667
A38: 36 | B38: 2702U3511-270V-功率 | C38: EATA27 飞行控制系统 | D38: 马达控制电子6 | E38: 2792E01003G900 | F38: 2702U3511 | G38: 270 | H38: 200-300V | I38: 是 | J38: 13.5 | K38: 60 | L38: 双通道供电 | M38: 有 | N38: 否 | O38: 1.65 | P38: / | Q38: / | R38: / | S38: =J38/O38 -> 8.1818182
A39: 37 | B39: 2702U3511-28V-控制 | C39: EATA27 飞行控制系统 | D39: 马达控制电子6 | E39: 2792E01003G900 | F39: 2702U3511 | G39: 28 | H39: 18-33V | I39: 否 | J39: 0.224 | K39: 0.05 | L39: 双通道供电 | M39: 有 | N39: 否 | O39: 0.03 | P39: 0.0084 | Q39: =O39/P39 -> 3.5714286 | R39: 0.3 | S39: =J39/O39 -> 7.4666667
A40: 38 | B40: 2702U6101-270V-功率 | C40: EATA27 飞行控制系统 | D40: 马达控制电子7 | E40: 2792E01005G900 | F40: 2702U6101 | G40: 28 | H40: 18-33V | I40: 否 | J40: 2.5 | K40: 60 | L40: 双通道供电 | M40: 有 | N40: 否 | O40: 0.5 | P40: / | Q40: / | R40: / | S40: =J40/O40 -> 5
A41: 39 | B41: 2702U6101-28V-控制 | C41: EATA27 飞行控制系统 | D41: 马达控制电子7 | E41: 2792E01005G900 | F41: 2702U6101 | G41: 28 | H41: 18-33V | I41: 否 | J41: 0.3 | K41: 0.05 | L41: 双通道供电 | M41: 有 | N41: 否 | O41: 0.112 | P41: 0.0252 | Q41: =O41/P41 -> 4.4444444 | R41: 0.9 | S41: =J41/O41 -> 2.6785714
A42: 40 | B42: 2702U6103-270V-功率 | C42: EATA27 飞行控制系统 | D42: 马达控制电子8 | E42: 2792E01005G900 | F42: 2702U6103 | G42: 28 | H42: 18-33V | I42: 否 | J42: 2.5 | K42: 60 | L42: 双通道供电 | M42: 有 | N42: 否 | O42: 0.5 | P42: / | Q42: / | R42: / | S42: =J42/O42 -> 5
A43: 41 | B43: 2702U6103-28V-控制 | C43: EATA27 飞行控制系统 | D43: 马达控制电子8 | E43: 2792E01005G900 | F43: 2702U6103 | G43: 28 | H43: 18-33V | I43: 否 | J43: 0.3 | K43: 0.05 | L43: 双通道供电 | M43: 有 | N43: 否 | O43: 0.112 | P43: 0.0252 | Q43: =O43/P43 -> 4.4444444 | R43: 0.9 | S43: =J43/O43 -> 2.6785714
A44: 42 | B44: 2701D6101-28V | C44: EATA27 飞行控制系统 | D44: 直接模式速率传感器（DMRS） | E44: 2793E01009G900 | F44: 2701D6101 | G44: 28 | H44: 18-32V | I44: 否 | J44: 0.01 | K44: 0.05 | L44: 双通道供电 | M44: 无 | N44: 否 | O44: 0.005 | P44: / | Q44: / | R44: / | S44: =J44/O44 -> 2
A45: 43 | B45: 3002U4105-270V-功率 | C45: EATA30 防除冰和除雨 | D45: 风挡加热控制器1 | E45: 3040E01001G900 | F45: 3002U4105 | G45: 270 | H45: 200-290V | I45: 否 | J45: 4 | K45: 5 | L45: 单通道供电 | M45: 无 | N45: 是 | O45: 2 | P45: / | Q45: / | R45: / | S45: =J45/O45 -> 2
A46: 44 | B46: 3002U4105-28V-控制 | C46: EATA30 防除冰和除雨 | D46: 风挡加热控制器1 | E46: 3040E01001G900 | F46: 3002U4105 | G46: 28 | H46: 18-32V | I46: 否 | J46: 0.1 | K46: 0.05 | L46: 单通道供电 | M46: 无 | N46: 是 | O46: 0.05 | P46: / | Q46: / | R46: / | S46: =J46/O46 -> 2
A47: 45 | B47: 3002U4107-270V-功率 | C47: EATA30 防除冰和除雨 | D47: 风挡加热控制器2 | E47: 3040E01002G900 | F47: 3002U4107 | G47: 270 | H47: 200-290V | I47: 否 | J47: 4 | K47: 5 | L47: 单通道供电 | M47: 无 | N47: 是 | O47: 2 | P47: / | Q47: / | R47: / | S47: =J47/O47 -> 2
A48: 46 | B48: 3002U4107-28V-控制 | C48: EATA30 防除冰和除雨 | D48: 风挡加热控制器2 | E48: 3040E01002G900 | F48: 3002U4107 | G48: 28 | H48: 18-32V | I48: 否 | J48: 0.1 | K48: 0.05 | L48: 单通道供电 | M48: 无 | N48: 是 | O48: 0.05 | P48: / | Q48: / | R48: / | S48: =J48/O48 -> 2
A49: 47 | B49: 3002M1301-28V | C49: EATA30 防除冰和除雨 | D49: 风挡雨刷马达1（含控制器） | E49: 3040E02003G900 | F49: 3002M1301 | G49: 28 | H49: 18-32V | I49: 否 | J49: 0.3 | K49: 5 | L49: 单通道供电 | M49: 无 | N49: 是 | O49: 0.14 | P49: / | Q49: / | R49: / | S49: =J49/O49 -> 2.1428571
A50: 48 | B50: 3002M1303-28V | C50: EATA30 防除冰和除雨 | D50: 风挡雨刷马达2（含控制器） | E50: 3040E02004G900 | F50: 3002M1303 | G50: 28 | H50: 18-32V | I50: 否 | J50: 0.3 | K50: 5 | L50: 单通道供电 | M50: 无 | N50: 是 | O50: 0.14 | P50: / | Q50: / | R50: / | S50: =J50/O50 -> 2.1428571
A51: 49 | B51: 3002U4101-28V | C51: EATA30 防除冰和除雨 | D51: 结冰探测器1 | E51: 3080E01001G900 | F51: 3002U4101 | G51: 28 | H51: 18-32V | I51: 否 | J51: 0.6 | K51: 3 | L51: 单通道供电 | M51: 无 | N51: 否 | O51: 0.3 | P51: / | Q51: / | R51: / | S51: =J51/O51 -> 2
A52: 50 | B52: 3002U4103-28V | C52: EATA30 防除冰和除雨 | D52: 结冰探测器2 | E52: 3080E01003G900 | F52: 3002U4103 | G52: 28 | H52: 18-32V | I52: 否 | J52: 0.6 | K52: 3 | L52: 单通道供电 | M52: 无 | N52: 否 | O52: 0.3 | P52: / | Q52: / | R52: / | S52: =J52/O52 -> 2
A53: 51 | B53: 3001U1901-28V | C53: EATA30 防除冰和除雨 | D53: 结冰探测棒 | E53: 3080E01005G900 | F53: 3001U1901 | G53: 28 | H53: 18-32V | I53: 否 | J53: 0.02 | K53: 0.05 | L53: 单通道供电 | M53: 无 | N53: 否 | O53: 0.01 | P53: / | Q53: / | R53: / | S53: =J53/O53 -> 2
A54: 52 | B54: 3101D2403-28V | C54: EATA31 指示记录系统 | D54: 区域麦克风（AMP） | E54: 3130E01001G900 | F54: 3101D2403 | G54: 28 | H54: 18-32V | I54: 否 | J54: 0.02 | K54: 0.003 | L54: 双通道供电 | M54: 无 | N54: 否 | O54: 0.004 | P54: / | Q54: / | R54: / | S54: =J54/O54 -> 5
A55: 53 | B55: 3101U6101-28V | C55: EATA31 指示记录系统 | D55: 三轴加速度计（TAA） | E55: 3130E02001G900 | F55: 3101U6101 | G55: 28 | H55: 18-32V | I55: 否 | J55: 0.0028 | K55: 0.03 | L55: 单通道供电 | M55: 无 | N55: 是 | O55: 0.0014 | P55: / | Q55: / | R55: / | S55: =J55/O55 -> 2
... A57: 55 | B57: 3101P2403-28V | C57: EATA31 指示记录系统 | D57: 机载多功能显示器 | E57: 3160E01003G900 | F57: 3101P2403 | G57: 28 | H57: 18-32V | I57: 是 | J57: 0.154 | K57: 0.18 | L57: 双通道供电 | M57: 有 | N57: 否 | O57: 0.04 | P57: / | Q57: / | R57: / | S57: =J57/O57 -> 3.85
A58: 56 | B58: 3102U2601-28V | C58: EATA31 指示记录系统 | D58: 显控计算机1 | E58: 3160E02001G900 | F58: 3102U2601 | G58: 28 | H58: 18-32V | I58: 否 | J58: 0.3 | K58: 0.05 | L58: 双通道供电 | M58: 有 | N58: 否 | O58: 0.12 | P58: 0.0756 | Q58: =O58/P58 -> 1.5873016 | R58: 2.7 | S58: =J58/O58 -> 2.5
A59: 57 | B59: 3102U2503-28V | C59: EATA31 指示记录系统 | D59: 显控计算机2 | E59: 3160E02001G900 | F59: 3102U2503 | G59: 28 | H59: 18-32V | I59: 否 | J59: 0.3 | K59: 0.05 | L59: 双通道供电 | M59: 有 | N59: 否 | O59: 0.12 | P59: 0.0756 | Q59: =O59/P59 -> 1.5873016 | R59: 2.7 | S59: =J59/O59 -> 2.5
A60: 58 | B60: 3201U6105-270V-功率 | C60: EATA32 起落架系统 | D60: 左主起EHM控制器 | E60: 3231E11100G900 | F60: 3201U6105 | G60: 270 | H60: 200-290V | I60: 否 | J60: 2.7 | K60: 0.1 | L60: 双通道供电 | M60: 有 | N60: 否 | O60: 1.35 | P60: / | Q60: / | R60: / | S60: =J60/O60 -> 2
A61: 59 | B61: 3201U6105-28V-控制 | C61: EATA32 起落架系统 | D61: 左主起EHM控制器 | E61: 3231E11100G900 | F61: 3201U6105 | G61: 28 | H61: 18-32V | I61: 否 | J61: 0.196 | K61: 0.1 | L61: 双通道供电 | M61: 有 | N61: 否 | O61: 0.098 | P61: / | Q61: / | R61: / | S61: =J61/O61 -> 2
A62: 60 | B62: 3201U6107-270V-功率 | C62: EATA32 起落架系统 | D62: 右主起EHM控制器 | E62: 3231E11100G900 | F62: 3201U6107 | G62: 270 | H62: 200-290V | I62: 否 | J62: 2.7 | K62: 0.1 | L62: 双通道供电 | M62: 有 | N62: 否 | O62: 1.35 | P62: / | Q62: / | R62: / | S62: =J62/O62 -> 2
A63: 61 | B63: 3201U6107-28V-控制 | C63: EATA32 起落架系统 | D63: 右主起EHM控制器 | E63: 3231E11100G900 | F63: 3201U6107 | G63: 28 | H63: 18-32V | I63: 否 | J63: 0.196 | K63: 0.1 | L63: 双通道供电 | M63: 有 | N63: 否 | O63: 0.098 | P63: / | Q63: / | R63: / | S63: =J63/O63 -> 2
A64: 62 | B64: 3201U4121-270V-功率 | C64: EATA32 起落架系统 | D64: 前起EHM控制器 | E64: 3231E11300G900 | F64: 3201U4121 | G64: 270 | H64: 200-290V | I64: 否 | J64: 2.7 | K64: 0.1 | L64: 双通道供电 | M64: 有 | N64: 否 | O64: 1.35 | P64: / | Q64: / | R64: / | S64: =J64/O64 -> 2
A65: 63 | B65: 3201U4121-28V-控制 | C65: EATA32 起落架系统 | D65: 前起EHM控制器 | E65: 3231E11300G900 | F65: 3201U4121 | G65: 28 | H65: 18-32V | I65: 否 | J65: 0.196 | K65: 0.1 | L65: 双通道供电 | M65: 有 | N65: 否 | O65: 0.098 | P65: / | Q65: / | R65: / | S65: =J65/O65 -> 2
A66: 64 | B66: 3201U2505-28V | C66: EATA32 起落架系统 | D66: 刹车控制监视单元 | E66: 3241E04000G900 | F66: 3201U2505 | G66: 28 | H66: 18-32V | I66: 否 | J66: 0.2 | K66: 0.05 | L66: 双通道供电 | M66: 有 | N66: 否 | O66: 0.04 | P66: 0.0252 | Q66: =O66/P66 -> 1.5873016 | R66: 0.9 | S66: =J66/O66 -> 5
A67: 65 | B67: 3201U3605-28V | C67: EATA32 起落架系统 | D67: 备份刹车控制单元 | E67: 3241E05000G900 | F67: 3201U3605 | G67: 28 | H67: 18-32V | I67: 否 | J67: 0.1 | K67: 0.05 | L67: 双通道供电 | M67: 有 | N67: 否 | O67: 0.022 | P67: 0.014 | Q67: =O67/P67 -> 1.5714286 | R67: 0.5 | S67: =J67/O67 -> 4.5454545
A68: 66 | B68: 3204U6101-270V-功率 | C68: EATA32 起落架系统 | D68: 外侧EMA控制器1 | E68: 3241E06000G900 | F68: 3204U6101 | G68: 270 | H68: 200-290V | I68: 否 | J68: 1.8 | K68: 0.2 | L68: 双通道供电 | M68: 有 | N68: 否 | O68: 1.2 | P68: 0.81 | Q68: =O68/P68 -> 1.4814815 | R68: 3 | S68: =J68/O68 -> 1.5
A69: 67 | B69: 3204U6101-28V-控制 | C69: EATA32 起落架系统 | D69: 外侧EMA控制器1 | E69: 3241E06000G900 | F69: 3204U6101 | G69: 28 | H69: 18-32V | I69: 否 | J69: 0.152 | K69: 20 | L69: 双通道供电 | M69: 有 | N69: 否 | O69: 0.042 | P69: 0.028 | Q69: =O69/P69 -> 1.5 | R69: 1 | S69: =J69/O69 -> 3.6190476
A70: 68 | B70: 3204U6103-270V-功率 | C70: EATA32 起落架系统 | D70: 外侧EMA控制器2 | E70: 3241E06000G900 | F70: 3204U6103 | G70: 270 | H70: 200-290V | I70: 否 | J70: 1.8 | K70: 0.2 | L70: 双通道供电 | M70: 有 | N70: 否 | O70: 1.2 | P70: 0.81 | Q70: =O70/P70 -> 1.4814815 | R70: 3 | S70: =J70/O70 -> 1.5
A71: 69 | B71: 3204U6103-28V-控制 | C71: EATA32 起落架系统 | D71: 外侧EMA控制器2 | E71: 3241E06000G900 | F71: 3204U6103 | G71: 28 | H71: 18-32V | I71: 否 | J71: 0.152 | K71: 20 | L71: 双通道供电 | M71: 有 | N71: 否 | O71: 0.042 | P71: 0.028 | Q71: =O71/P71 -> 1.5 | R71: 1 | S71: =J71/O71 -> 3.6190476
A72: 70 | B72: 3204U6105-270V-功率 | C72: EATA32 起落架系统 | D72: 内侧EMA控制器1 | E72: 3241E06000G900 | F72: 3204U6105 | G72: 270 | H72: 200-290V | I72: 否 | J72: 1.8 | K72: 0.2 | L72: 双通道供电 | M72: 有 | N72: 否 | O72: 1.2 | P72: 0.81 | Q72: =O72/P72 -> 1.4814815 | R72: 3 | S72: =J72/O72 -> 1.5
A73: 71 | B73: 3204U6105-28V-控制 | C73: EATA32 起落架系统 | D73: 内侧EMA控制器1 | E73: 3241E06000G900 | F73: 3204U6105 | G73: 28 | H73: 18-32V | I73: 否 | J73: 0.152 | K73: 20 | L73: 双通道供电 | M73: 有 | N73: 否 | O73: 0.042 | P73: 0.028 | Q73: =O73/P73 -> 1.5 | R73: 1 | S73: =J73/O73 -> 3.6190476
A74: 72 | B74: 3204U6107-270V-功率 | C74: EATA32 起落架系统 | D74: 内侧EMA控制器2 | E74: 3241E06000G900 | F74: 3204U6107 | G74: 270 | H74: 200-290V | I74: 否 | J74: 1.8 | K74: 0.2 | L74: 双通道供电 | M74: 有 | N74: 否 | O74: 1.2 | P74: 0.81 | Q74: =O74/P74 -> 1.4814815 | R74: 3 | S74: =J74/O74 -> 1.5
A75: 73 | B75: 3204U6107-28V-控制 | C75: EATA32 起落架系统 | D75: 内侧EMA控制器2 | E75: 3241E06000G900 | F75: 3204U6107 | G75: 28 | H75: 18-32V | I75: 否 | J75: 0.152 | K75: 20 | L75: 双通道供电 | M75: 有 | N75: 否 | O75: 0.042 | P75: 0.028 | Q75: =O75/P75 -> 1.5 | R75: 1 | S75: =J75/O75 -> 3.6190476
A76: 74 | B76: 3201U4101-270V-功率 | C76: EATA32 起落架系统 | D76: 转弯控制单元 | E76: 3250E12000G900 | F76: 3201U4101 | G76: 270 | H76: 200-290V | I76: 否 | J76: 2.7 | K76: 0.05 | L76: 双通道供电 | M76: 有 | N76: 否 | O76: 0.58 | P76: / | Q76: / | R76: / | S76: =J76/O76 -> 4.6551724
A77: 75 | B77: 3201U4101-28V-控制 | C77: EATA32 起落架系统 | D77: 转弯控制单元 | E77: 3250E12000G900 | F77: 3201U4101 | G77: 28 | H77: 18-32V | I77: 否 | J77: 0.2 | K77: 0.1 | L77: 双通道供电 | M77: 有 | N77: 否 | O77: 0.04 | P77: 0.0224 | Q77: =O77/P77 -> 1.7857143 | R77: 0.8 | S77: =J77/O77 -> 5
A78: 76 | B78: 3201U2501-28V | C78: EATA32 起落架系统 | D78: 收放控制单元1 | E78: 3261E11100G900 | F78: 3201U2501 | G78: 28 | H78: 18-32V | I78: 否 | J78: 0.3 | K78: 0.1 | L78: 双通道供电 | M78: 有 | N78: 否 | O78: 0.04 | P78: 0.0168 | Q78: =O78/P78 -> 2.3809524 | R78: 0.6 | S78: =J78/O78 -> 7.5
A79: 77 | B79: 3201U3603-28V | C79: EATA32 起落架系统 | D79: 收放控制单元2 | E79: 3261E11100G900 | F79: 3201U3603 | G79: 28 | H79: 18-32V | I79: 否 | J79: 0.3 | K79: 0.1 | L79: 双通道供电 | M79: 有 | N79: 否 | O79: 0.04 | P79: 0.0168 | Q79: =O79/P79 -> 2.3809524 | R79: 0.6 | S79: =J79/O79 -> 7.5
A80: 78 | B80: 3303L2101-28V | C80: EATA33 照明系统 | D80: 驾驶舱顶灯 | E80: 3314E01001G900 | F80: 3303L2101 | G80: 28 | H80: 18-32V | I80: 否 | J80: 0.05 | K80: 0.05 | L80: 单通道供电 | M80: 无 | N80: 否 | O80: 0.01 | P80: / | Q80: / | R80: / | S80: =J80/O80 -> 5
A81: 79 | B81: 3302L2201-28V | C81: EATA33 照明系统 | D81: 地板灯1 | E81: 3317E01003G900 | F81: 3302L2201 | G81: 28 | H81: 18-32V | I81: 否 | J81: 0.015 | K81: 0.05 | L81: 单通道供电 | M81: 无 | N81: 是 | O81: 0.003 | P81: / | Q81: / | R81: / | S81: =J81/O81 -> 5
A82: 80 | B82: 3302L2202-28V | C82: EATA33 照明系统 | D82: 地板灯2 | E82: 3317E01003G900 | F82: 3302L2202 | G82: 28 | H82: 18-32V | I82: 否 | J82: 0.015 | K82: 0.05 | L82: 单通道供电 | M82: 无 | N82: 是 | O82: 0.003 | P82: / | Q82: / | R82: / | S82: =J82/O82 -> 5
A83: 81 | B83: 3302L2203-28V | C83: EATA33 照明系统 | D83: 脚蹬灯1 | E83: 3317E01005G900 | F83: 3302L2203 | G83: 28 | H83: 18-32V | I83: 否 | J83: 0.015 | K83: 0.05 | L83: 单通道供电 | M83: 无 | N83: 是 | O83: 0.003 | P83: / | Q83: / | R83: / | S83: =J83/O83 -> 5
A84: 82 | B84: 3302L2204-28V | C84: EATA33 照明系统 | D84: 脚蹬灯2 | E84: 3317E01005G900 | F84: 3302L2204 | G84: 28 | H84: 18-32V | I84: 否 | J84: 0.015 | K84: 0.05 | L84: 单通道供电 | M84: 无 | N84: 是 | O84: 0.003 | P84: / | Q84: / | R84: / | S84: =J84/O84 -> 5
A85: 83 | B85: 3305L2201-28V | C85: EATA33 照明系统 | D85: 左右操纵台泛光灯1 | E85: 3314E01007G900 | F85: 3305L2201 | G85: 28 | H85: 18-32V | I85: 否 | J85: 0.015 | K85: 0.05 | L85: 单通道供电 | M85: 无 | N85: 否 | O85: 0.003 | P85: / | Q85: / | R85: / | S85: =J85/O85 -> 5
A86: 84 | B86: 3305L2203-28V | C86: EATA33 照明系统 | D86: 左右操纵台泛光灯2 | E86: 3314E01007G900 | F86: 3305L2203 | G86: 28 | H86: 18-32V | I86: 否 | J86: 0.015 | K86: 0.05 | L86: 单通道供电 | M86: 无 | N86: 是 | O86: 0.003 | P86: / | Q86: / | R86: / | S86: =J86/O86 -> 5
A87: 85 | B87: 3301L2201-28V | C87: EATA33 照明系统 | D87: 驾驶舱灯具调光控制盒 | E87: 3314E02001G900 | F87: 3301L2201 | G87: 28 | H87: 18-32V | I87: 否 | J87: 0.15 | K87: 0.05 | L87: 双通道供电 | M87: 无 | N87: 否 | O87: 0.03 | P87: / | Q87: / | R87: / | S87: =J87/O87 -> 5
A88: 86 | B88: 3302L2101-28V | C88: EATA33 照明系统 | D88: 驾驶员阅读灯1 | E88: 3317E01009G900 | F88: 3302L2101 | G88: 28 | H88: 18-32V | I88: 否 | J88: 0.02 | K88: 0.05 | L88: 单通道供电 | M88: 无 | N88: 是 | O88: 0.004 | P88: / | Q88: / | R88: / | S88: =J88/O88 -> 5
A89: 87 | B89: 3302L2103-28V | C89: EATA33 照明系统 | D89: 驾驶员阅读灯2 | E89: 3317E01009G900 | F89: 3302L2103 | G89: 28 | H89: 18-32V | I89: 否 | J89: 0.02 | K89: 0.05 | L89: 单通道供电 | M89: 无 | N89: 是 | O89: 0.004 | P89: / | Q89: / | R89: / | S89: =J89/O89 -> 5
A90: 88 | B90: 3301L8901-28V | C90: EATA33 照明系统 | D90: 白光航行灯（垂尾） | E90: 3341E03000G900 | F90: 3301L8901 | G90: 28 | H90: 18-36V | I90: 否 | J90: 0.05 | K90: 0.05 | L90: 单通道供电 | M90: 无 | N90: 否 | O90: 0.015 | P90: 0.0084 | Q90: =O90/P90 -> 1.7857143 | R90: 0.3 | S90: =J90/O90 -> 3.3333333
A91: 89 | B91: 3301L6901-28V-位置 | C91: EATA33 照明系统 | D91: 红光航行灯（左翼尖） | E91: 3341E01001G900 | F91: 3301L6901 | G91: 28 | H91: 9-36V | I91: 否 | J91: 0.05 | K91: 0.05 | L91: 单通道供电 | M91: 无 | N91: 否 | O91: 0.015 | P91: 0.0084 | Q91: =O91/P91 -> 1.7857143 | R91: 0.3 | S91: =J91/O91 -> 3.3333333
A92: 90 | B92: 3301L6901-28V-频闪 | C92: EATA33 照明系统 | D92: 红光航行灯（左翼尖） | E92: 3341E01001G900 | F92: 3301L6901 | G92: 28 | H92: 9-36V | I92: 否 | J92: 0.2 | K92: 0.05 | L92: 单通道供电 | M92: 无 | N92: 否 | O92: 0.04 | P92: 0.0084 | Q92: =O92/P92 -> 4.7619048 | R92: 0.3 | S92: =J92/O92 -> 5
A93: 91 | B93: 3301L6903-28V-位置 | C93: EATA33 照明系统 | D93: 绿光航行灯（右翼尖） | E93: 3341E02001G900 | F93: 3301L6903 | G93: 28 | H93: 9-36V | I93: 否 | J93: 0.05 | K93: 0.05 | L93: 单通道供电 | M93: 无 | N93: 否 | O93: 0.015 | P93: 0.0084 | Q93: =O93/P93 -> 1.7857143 | R93: 0.3 | S93: =J93/O93 -> 3.3333333
A94: 92 | B94: 3301L6903-28V-频闪 | C94: EATA33 照明系统 | D94: 绿光航行灯（右翼尖） | E94: 3341E02001G900 | F94: 3301L6903 | G94: 28 | H94: 9-36V | I94: 否 | J94: 0.2 | K94: 0.05 | L94: 单通道供电 | M94: 无 | N94: 否 | O94: 0.04 | P94: 0.0084 | Q94: =O94/P94 -> 4.7619048 | R94: 0.3 | S94: =J94/O94 -> 5
A95: 93 | B95: 3302L3901-28V | C95: EATA33 照明系统 | D95: 上红光防撞灯 | E95: 3346E01001G900 | F95: 3302L3901 | G95: 28 | H95: 9-36V | I95: 否 | J95: 0.4 | K95: 0.05 | L95: 单通道供电 | M95: 无 | N95: 否 | O95: 0.12 | P95: 0.0756 | Q95: =O95/P95 -> 1.5873016 | R95: 2.7 | S95: =J95/O95 -> 3.3333333
A96: 94 | B96: 3302L5901-28V | C96: EATA33 照明系统 | D96: 下红光防撞灯 | E96: 3346E01001G900 | F96: 3302L5901 | G96: 28 | H96: 9-36V | I96: 否 | J96: 0.4 | K96: 0.05 | L96: 单通道供电 | M96: 无 | N96: 否 | O96: 0.12 | P96: 0.0756 | Q96: =O96/P96 -> 1.5873016 | R96: 2.7 | S96: =J96/O96 -> 3.3333333
A97: 95 | B97: 3304L6901-28V | C97: EATA33 照明系统 | D97: 左白光防撞灯 | E97: 3345E01001G900 | F97: 3304L6901 | G97: 28 | H97: 9-36V | I97: 否 | J97: 0.5 | K97: 0.05 | L97: 单通道供电 | M97: 无 | N97: 是 | O97: 0.15 | P97: 0.098 | Q97: =O97/P97 -> 1.5306122 | R97: 3.5 | S97: =J97/O97 -> 3.3333333
A98: 96 | B98: 3304L6902-28V | C98: EATA33 照明系统 | D98: 右白光防撞灯 | E98: 3345E01001G900 | F98: 3304L6902 | G98: 28 | H98: 9-36V | I98: 否 | J98: 0.5 | K98: 0.05 | L98: 单通道供电 | M98: 无 | N98: 是 | O98: 0.15 | P98: 0.098 | Q98: =O98/P98 -> 1.5306122 | R98: 3.5 | S98: =J98/O98 -> 3.3333333
A99: 97 | B99: 3304L8901-28V | C99: EATA33 照明系统 | D99: 后白光防撞灯1 | E99: 3345E01001G900 | F99: 3304L8901 | G99: 28 | H99: 9-36V | I99: 否 | J99: 0.5 | K99: 0.05 | L99: 单通道供电 | M99: 无 | N99: 是 | O99: 0.15 | P99: 0.084 | Q99: =O99/P99 -> 1.7857143 | R99: 3 | S99: =J99/O99 -> 3.3333333
A100: 98 | B100: 3304L8902-28V | C100: EATA33 照明系统 | D100: 后白光防撞灯2 | E100: 3345E01001G900 | F100: 3304L8902 | G100: 28 | H100: 9-36V | I100: 否 | J100: 0.5 | K100: 0.05 | L100: 单通道供电 | M100: 无 | N100: 是 | O100: 0.15 | P100: 0.084 | Q100: =O100/P100 -> 1.7857143 | R100: 3 | S100: =J100/O100 -> 3.3333333
A101: 99 | B101: 3304L6903-28V | C101: EATA33 照明系统 | D101: 左翼根着陆灯1 | E101: 3342E02001G900 | F101: 3304L6903 | G101: 28 | H101: 9-36V | I101: 否 | J101: 0.5 | K101: 0.05 | L101: 单通道供电 | M101: 无 | N101: 否 | O101: 0.12 | P101: 0.0728 | Q101: =O101/P101 -> 1.6483516 | R101: 2.6 | S101: =J101/O101 -> 4.1666667
... A106: 104 | B106: 3302L1202-28V | C106: EATA33 照明系统 | D106: 右滑行灯 | E106: 3342E01001G900 | F106: 3302L1202 | G106: 28 | H106: 9-36V | I106: 否 | J106: 0.4 | K106: 0.05 | L106: 单通道供电 | M106: 无 | N106: 否 | O106: 0.12 | P106: 0.0728 | Q106: =O106/P106 -> 1.6483516 | R106: 2.6 | S106: =J106/O106 -> 3.3333333
A107: 105 | B107: 3300L8901-28V | C107: EATA33 照明系统 | D107: 左标志灯 | E107: TBD | F107: 3300L8901 | G107: 28 | H107: 18-32V | I107: 否 | J107: 0.15 | K107: 0.05 | L107: 单通道供电 | M107: 无 | N107: 否 | O107: 0.03 | P107: / | Q107: / | R107: / | S107: =J107/O107 -> 5
A108: 106 | B108: 3300L8902-28V | C108: EATA33 照明系统 | D108: 右标志灯 | E108: TBD | F108: 3300L8902 | G108: 28 | H108: 18-32V | I108: 否 | J108: 0.15 | K108: 0.05 | L108: 单通道供电 | M108: 无 | N108: 否 | O108: 0.03 | P108: / | Q108: / | R108: / | S108: =J108/O108 -> 5
A109: 107 | B109: 3300L8903-28V | C109: EATA33 照明系统 | D109: 左探冰灯 | E109: TBD | F109: 3300L8903 | G109: 28 | H109: 18-32V | I109: 否 | J109: 0.15 | K109: 0.05 | L109: 单通道供电 | M109: 无 | N109: 否 | O109: 0.03 | P109: / | Q109: / | R109: / | S109: =J109/O109 -> 5
...

Sheet 负载统计飞行阶段定义
A1: 运行阶段编号 | B1: 运行阶段 | C1: 原统计的运行阶段 | D1: 时间/min | E1: 阶段定义 | F1: 备注
F2: 舵面情况 | G2: 飞行速度TAS | H2: 飞行高度
A3: G0 | B3: 过站 | C3: OP00过站 | D3: 0 | E3: 外部电源车接入电网，支持地面服务；对飞机电池充电或换电 | F3: NA | G3: 0 | H3: 0
A4: G1 | B4: 地面运转-装载 | C4: OP01飞行计划 | D4: 0 | E4: 机组、乘客登上飞机起，同时行李开始装载至飞机准备放行。 | F4: NA | G4: 0 | H4: 0
C5: OP02航前准备 | F5: NA | G5: 0 | H5: 0
A6: G2 | B6: 推出/牵引和起动 | C6: 推出/牵引和起动 | D6: 1 | E6: 自飞机不依靠自身动力受牵引力作用从廊桥、机坪或停机位等机场活动区移动起，至飞机开始依靠自身动力移动前。 | F6: NA | G6: 0 | H6: 0
A7: G3 | B7: 滑出 | C7: OP04滑出 | D7: 3 | E7: 该阶段是起落架开始滚动并滑行至跑道，加速，持续到起落架不再被压缩。根据飞机起飞距离不同，所需时间也不同。 | F7: 襟翼0°到35°，其他舵面0° | G7: 0-10m/s | H7: 0
A8: G4 | B8: 起飞和爬升 | C8: OP05起飞 | D8: 6.77 | E8: 该阶段从起落架不被挤压到刚开始巡航水平结束，包括起飞、初始爬升、航路爬升等子阶段 | F8: 襟翼35°，升降舵-8° | G8: 0~47m/s | H8: ~10.7m
C9: OP06初始爬升 | F9: 襟翼35°到0°，舵面0° | G9: 50m/s~75m/s | H9: ~457m
C10: OP07航路爬升 | F10: 襟翼0°，舵面0° | G10: 75m/s-90m/s | H10: ~4000m
A11: G5 | B11: 巡航 | C11: OP08巡航 | D11: 43.6 | E11: 该阶段的时间窗口是从爬升结束到开始下降的一段时间。 | F11: 襟翼0°，舵面0° | G11: 90m/s | H11: 4000m
A12: G6 | B12: 下降 | C12: OP09下降 | D12: 13.85 | E12: 该阶段是当飞机离开巡航高度，并且在距离地面15米处结束。 | F12: 襟翼0°，舵面0° | G12: 90m/s~75m/s | H12: ~457m
C13: OP10待机 | E13: NA | F13: NA | G13: NA | H13: NA
C14: OP11进近 | E14: 该阶段的时间窗口是从爬升结束到开始下降的一段时间。 | F14: 襟翼0°到35°，舵面0° | G14: 75m/s~50m/s | H14: ~15m
A15: G7 | B15: 着陆 | C15: OP12着陆 | D15: 0.5 | E15: 该阶段始于距离地面15米处，起落架展开，处于向下位置直到起落架全部接触地面，前后起落架完全稳定承受飞机重量。 | F15: 襟翼35°，升降舵-10° | G15: 50m/s~10m/s | H15: 0
A16: G8 | B16: 滑入 | C16: OP13滑入 | D16: 4 | E16: 是从着陆到推进电机关闭且飞机停靠至廊桥。 | F16: 襟翼35°到0度，其他舵面0° | G16: 0~10m/s | H16: 0

Sheet 负载工作模式
A1: 序号 | B1: 负载ID | C1: 系统章节 | D1: 设备名称 | E1: 设备编号 | F1: LIN号 | G1: 正常工作电压等级（V） | H1: 应急是否可卸载 | I1: 负载类型 | J1: 工作模式 | K1: 功率需求（kW） | L1: 飞行阶段 | U1: 正常功率计算辅助列 | AD1: 电量计算辅助列
L2: G0 过站 | M2: G1 地面运转-装载 | N2: G2 推出/牵引和起动 | O2: G3 滑出 | P2: G4 起飞和爬升 | Q2: G5 巡航 | R2: G6 下降 | S2: G7 着陆 | T2: G8 滑入 | U2: G0 过站 | V2: G1 地面运转-装载 | W2: G2 推出/牵引和起动 | X2: G3 滑出 | Y2: G4 起飞和爬升 | Z2: G5 巡航 | AA2: G6 下降 | AB2: G7 着陆 | AC2: G8 滑入 | AD2: G0 过站 | AE2: G1 地面运转-装载 | AF2: G2 推出/牵引和起动 | AG2: G3 滑出 | AH2: G4 起飞和爬升 | AI2: G5 巡航 | AJ2: G6 下降 | AK2: G7 着陆 | AL2: G8 滑入
A3: 1 | B3: 2301U3101-28V | C3: EATA23 通信系统 | D3: ELT发射器 | E3: 2321E01001G900 | F3: 2301U3101 | G3: =VLOOKUP(A3,负载电气特性!A:G,7,FALSE) -> 28 | H3: 否 | I3: 连续负载 | J3: 工作 | K3: 0.00336 | L3: 1 | M3: 1 | N3: 1 | O3: 1 | P3: 1 | Q3: 1 | R3: 1 | S3: 1 | T3: 1 | U3: =_xlfn.LET(_xlpm.maxVal,_xlfn.MAXIFS($K:$K,$A:$A,A3),IF(AND(_xlpm.maxVal=K3,L3<>0),_xlpm.maxVal,"")) -> 0.00336 | V3: =_xlfn.LET(_xlpm.maxVal,_xlfn.MAXIFS($K:$K,$A:$A,A3),IF(AND(_xlpm.maxVal=K3,M3<>0),_xlpm.maxVal,"")) -> 0.00336 | W3: =_xlfn.LET(_xlpm.maxVal,_xlfn.MAXIFS($K:$K,$A:$A,A3),IF(AND(_xlpm.maxVal=K3,N3<>0),_xlpm.maxVal,"")) -> 0.00336 | X3: =_xlfn.LET(_xlpm.maxVal,_xlfn.MAXIFS($K:$K,$A:$A,A3),IF(AND(_xlpm.maxVal=K3,O3<>0),_xlpm.maxVal,"")) -> 0.00336 | Y3: =_xlfn.LET(_xlpm.maxVal,_xlfn.MAXIFS($K:$K,$A:$A,A3),IF(AND(_xlpm.maxVal=K3,P3<>0),_xlpm.maxVal,"")) -> 0.00336 | Z3: =_xlfn.LET(_xlpm.maxVal,_xlfn.MAXIFS($K:$K,$A:$A,A3),IF(AND(_xlpm.maxVal=K3,Q3<>0),_xlpm.maxVal,"")) -> 0.00336 | AA3: =_xlfn.LET(_xlpm.maxVal,_xlfn.MAXIFS($K:$K,$A:$A,A3),IF(AND(_xlpm.maxVal=K3,R3<>0),_xlpm.maxVal,"")) -> 0.00336 | AB3: =_xlfn.LET(_xlpm.maxVal,_xlfn.MAXIFS($K:$K,$A:$A,A3),IF(AND(_xlpm.maxVal=K3,S3<>0),_xlpm.maxVal,"")) -> 0.00336 | AC3: =_xlfn.LET(_xlpm.maxVal,_xlfn.MAXIFS($K:$K,$A:$A,A3),IF(AND(_xlpm.maxVal=K3,T3<>0),_xlpm.maxVal,"")) -> 0.00336 | AD3: =$K3*L3*负载统计!$K$3/60 -> 0 | AE3: =$K3*L3*负载统计!$K$4/60 -> 0 | AF3: =$K3*N3*负载统计!$K$5/60 -> 5.6e-05 | AG3: =$K3*O3*负载统计!$K$6/60 -> 0.000168 | AH3: =$K3*P3*负载统计!$K$7/60 -> 0.00037912 | AI3: =$K3*Q3*负载统计!$K$8/60 -> 0.0024416 | AJ3: =$K3*R3*负载统计!$K$9/60 -> 0.0007756 | AK3: =$K3*S3*负载统计!$K$10/60 -> 2.8e-05 | AL3: =$K3*T3*负载统计!$K$11/60 -> 0.000224
A4: 1 | B4: 2301U3101-28V | C4: EATA23 通信系统 | D4: ELT发射器 | E4: 2321E01001G900 | F4: 2301U3101 | G4: =VLOOKUP(A4,负载电气特性!A:G,7,FALSE) -> 28 | H4: 否 | I4: 连续负载 | J4: 关闭 | K4: 0 | L4: 0 | M4: 0 | N4: 0 | O4: 0 | P4: 0 | Q4: 0 | R4: 0 | S4: 0 | T4: 0 | U4: =_xlfn.LET(_xlpm.maxVal,_xlfn.MAXIFS($K:$K,$A:$A,A4),IF(AND(_xlpm.maxVal=K4,L4<>0),_xlpm.maxVal,"")) | V4: =_xlfn.LET(_xlpm.maxVal,_xlfn.MAXIFS($K:$K,$A:$A,A4),IF(AND(_xlpm.maxVal=K4,M4<>0),_xlpm.maxVal,"")) | W4: =_xlfn.LET(_xlpm.maxVal,_xlfn.MAXIFS($K:$K,$A:$A,A4),IF(AND(_xlpm.maxVal=K4,N4<>0),_xlpm.maxVal,"")) | X4: =_xlfn.LET(_xlpm.maxVal,_xlfn.MAXIFS($K:$K,$A:$A,A4),IF(AND(_xlpm.maxVal=K4,O4<>0),_xlpm.maxVal,"")) | Y4: =_xlfn.LET(_xlpm.maxVal,_xlfn.MAXIFS($K:$K,$A:$A,A4),IF(AND(_xlpm.maxVal=K4,P4<>0),_xlpm.maxVal,"")) | Z4: =_xlfn.LET(_xlpm.maxVal,_xlfn.MAXIFS($K:$K,$A:$A,A4),IF(AND(_xlpm.maxVal=K4,Q4<>0),_xlpm.maxVal,"")) | AA4: =_xlfn.LET(_xlpm.maxVal,_xlfn.MAXIFS($K:$K,$A:$A,A4),IF(AND(_xlpm.maxVal=K4,R4<>0),_xlpm.maxVal,"")) | AB4: =_xlfn.LET(_xlpm.maxVal,_xlfn.MAXIFS($K:$K,$A:$A,A4),IF(AND(_xlpm.maxVal=K4,S4<>0),_xlpm.maxVal,"")) | AC4: =_xlfn.LET(_xlpm.maxVal,_xlfn.MAXIFS($K:$K,$A:$A,A4),IF(AND(_xlpm.maxVal=K4,T4<>0),_xlpm.maxVal,"")) | AD4: =$K4*L4*负载统计!$K$3/60 -> 0 | AE4: =$K4*L4*负载统计!$K$4/60 -> 0 | AF4: =$K4*N4*负载统计!$K$5/60 -> 0 | AG4: =$K4*O4*负载统计!$K$6/60 -> 0 | AH4: =$K4*P4*负载统计!$K$7/60 -> 0 | AI4: =$K4*Q4*负载统计!$K$8/60 -> 0 | AJ4: =$K4*R4*负载统计!$K$9/60 -> 0 | AK4: =$K4*S4*负载统计!$K$10/60 -> 0 | AL4: =$K4*T4*负载统计!$K$11/60 -> 0
A5: 2 | B5: 2302U2501-28V | C5: EATA23 通信系统 | D5: 音频管理单元1 | E5: 2350E01001G900 | F5: 2302U2501 | G5: =VLOOKUP(A5,负载电气特性!A:G,7,FALSE) -> 28 | H5: 否 | I5: 连续负载 | J5: 工作 | K5: 0.032 | L5: 1 | M5: 1 | N5: 1 | O5: 1 | P5: 1 | Q5: 1 | R5: 1 | S5: 1 | T5: 1 | U5: =_xlfn.LET(_xlpm.maxVal,_xlfn.MAXIFS($K:$K,$A:$A,A5),IF(AND(_xlpm.maxVal=K5,L5<>0),_xlpm.maxVal,"")) -> 0.032 | V5: =_xlfn.LET(_xlpm.maxVal,_xlfn.MAXIFS($K:$K,$A:$A,A5),IF(AND(_xlpm.maxVal=K5,M5<>0),_xlpm.maxVal,"")) -> 0.032 | W5: =_xlfn.LET(_xlpm.maxVal,_xlfn.MAXIFS($K:$K,$A:$A,A5),IF(AND(_xlpm.maxVal=K5,N5<>0),_xlpm.maxVal,"")) -> 0.032 | X5: =_xlfn.LET(_xlpm.maxVal,_xlfn.MAXIFS($K:$K,$A:$A,A5),IF(AND(_xlpm.maxVal=K5,O5<>0),_xlpm.maxVal,"")) -> 0.032 | Y5: =_xlfn.LET(_xlpm.maxVal,_xlfn.MAXIFS($K:$K,$A:$A,A5),IF(AND(_xlpm.maxVal=K5,P5<>0),_xlpm.maxVal,"")) -> 0.032 | Z5: =_xlfn.LET(_xlpm.maxVal,_xlfn.MAXIFS($K:$K,$A:$A,A5),IF(AND(_xlpm.maxVal=K5,Q5<>0),_xlpm.maxVal,"")) -> 0.032 | AA5: =_xlfn.LET(_xlpm.maxVal,_xlfn.MAXIFS($K:$K,$A:$A,A5),IF(AND(_xlpm.maxVal=K5,R5<>0),_xlpm.maxVal,"")) -> 0.032 | AB5: =_xlfn.LET(_xlpm.maxVal,_xlfn.MAXIFS($K:$K,$A:$A,A5),IF(AND(_xlpm.maxVal=K5,S5<>0),_xlpm.maxVal,"")) -> 0.032 | AC5: =_xlfn.LET(_xlpm.maxVal,_xlfn.MAXIFS($K:$K,$A:$A,A5),IF(AND(_xlpm.maxVal=K5,T5<>0),_xlpm.maxVal,"")) -> 0.032 | AD5: =$K5*L5*负载统计!$K$3/60 -> 0 | AE5: =$K5*L5*负载统计!$K$4/60 -> 0 | AF5: =$K5*N5*负载统计!$K$5/60 -> 0.00053333333 | AG5: =$K5*O5*负载统计!$K$6/60 -> 0.0016 | AH5: =$K5*P5*负载统计!$K$7/60 -> 0.0036106667 | AI5: =$K5*Q5*负载统计!$K$8/60 -> 0.023253333 | AJ5: =$K5*R5*负载统计!$K$9/60 -> 0.0073866667 | AK5: =$K5*S5*负载统计!$K$10/60 -> 0.00026666667 | AL5: =$K5*T5*负载统计!$K$11/60 -> 0.0021333333
A6: 2 | B6: 2302U2501-28V | C6: EATA23 通信系统 | D6: 音频管理单元1 | E6: 2350E01001G900 | F6: 2302U2501 | G6: =VLOOKUP(A6,负载电气特性!A:G,7,FALSE) -> 28 | H6: 否 | I6: 连续负载 | J6: 关闭 | K6: 0 | L6: 0 | M6: 0 | N6: 0 | O6: 0 | P6: 0 | Q6: 0 | R6: 0 | S6: 0 | T6: 0 | U6: =_xlfn.LET(_xlpm.maxVal,_xlfn.MAXIFS($K:$K,$A:$A,A6),IF(AND(_xlpm.maxVal=K6,L6<>0),_xlpm.maxVal,"")) | V6: =_xlfn.LET(_xlpm.maxVal,_xlfn.MAXIFS($K:$K,$A:$A,A6),IF(AND(_xlpm.maxVal=K6,M6<>0),_xlpm.maxVal,"")) | W6: =_xlfn.LET(_xlpm.maxVal,_xlfn.MAXIFS($K:$K,$A:$A,A6),IF(AND(_xlpm.maxVal=K6,N6<>0),_xlpm.maxVal,"")) | X6: =_xlfn.LET(_xlpm.maxVal,_xlfn.MAXIFS($K:$K,$A:$A,A6),IF(AND(_xlpm.maxVal=K6,O6<>0),_xlpm.maxVal,"")) | Y6: =_xlfn.LET(_xlpm.maxVal,_xlfn.MAXIFS($K:$K,$A:$A,A6),IF(AND(_xlpm.maxVal=K6,P6<>0),_xlpm.maxVal,"")) | Z6: =_xlfn.LET(_xlpm.maxVal,_xlfn.MAXIFS($K:$K,$A:$A,A6),IF(AND(_xlpm.maxVal=K6,Q6<>0),_xlpm.maxVal,"")) | AA6: =_xlfn.LET(_xlpm.maxVal,_xlfn.MAXIFS($K:$K,$A:$A,A6),IF(AND(_xlpm.maxVal=K6,R6<>0),_xlpm.maxVal,"")) | AB6: =_xlfn.LET(_xlpm.maxVal,_xlfn.MAXIFS($K:$K,$A:$A,A6),IF(AND(_xlpm.maxVal=K6,S6<>0),_xlpm.maxVal,"")) | AC6: =_xlfn.LET(_xlpm.maxVal,_xlfn.MAXIFS($K:$K,$A:$A,A6),IF(AND(_xlpm.maxVal=K6,T6<>0),_xlpm.maxVal,"")) | AD6: =$K6*L6*负载统计!$K$3/60 -> 0 | AE6: =$K6*L6*负载统计!$K$4/60 -> 0 | AF6: =$K6*N6*负载统计!$K$5/60 -> 0 | AG6: =$K6*O6*负载统计!$K$6/60 -> 0 | AH6: =$K6*P6*负载统计!$K$7/60 -> 0 | AI6: =$K6*Q6*负载统计!$K$8/60 -> 0 | AJ6: =$K6*R6*负载统计!$K$9/60 -> 0 | AK6: =$K6*S6*负载统计!$K$10/60 -> 0 | AL6: =$K6*T6*负载统计!$K$11/60 -> 0
A7: 3 | B7: 2302U2603-28V | C7: EATA23 通信系统 | D7: 音频管理单元2 | E7: 2350E01001G900 | F7: 2302U2603 | G7: =VLOOKUP(A7,负载电气特性!A:G,7,FALSE) -> 28 | H7: 否 | I7: 连续负载 | J7: 工作 | K7: 0.032 | L7: 1 | M7: 1 | N7: 1 | O7: 1 | P7: 1 | Q7: 1 | R7: 1 | S7: 1 | T7: 1 | U7: =_xlfn.LET(_xlpm.maxVal,_xlfn.MAXIFS($K:$K,$A:$A,A7),IF(AND(_xlpm.maxVal=K7,L7<>0),_xlpm.maxVal,"")) -> 0.032 | V7: =_xlfn.LET(_xlpm.maxVal,_xlfn.MAXIFS($K:$K,$A:$A,A7),IF(AND(_xlpm.maxVal=K7,M7<>0),_xlpm.maxVal,"")) -> 0.032 | W7: =_xlfn.LET(_xlpm.maxVal,_xlfn.MAXIFS($K:$K,$A:$A,A7),IF(AND(_xlpm.maxVal=K7,N7<>0),_xlpm.maxVal,"")) -> 0.032 | X7: =_xlfn.LET(_xlpm.maxVal,_xlfn.MAXIFS($K:$K,$A:$A,A7),IF(AND(_xlpm.maxVal=K7,O7<>0),_xlpm.maxVal,"")) -> 0.032 | Y7: =_xlfn.LET(_xlpm.maxVal,_xlfn.MAXIFS($K:$K,$A:$A,A7),IF(AND(_xlpm.maxVal=K7,P7<>0),_xlpm.maxVal,"")) -> 0.032 | Z7: =_xlfn.LET(_xlpm.maxVal,_xlfn.MAXIFS($K:$K,$A:$A,A7),IF(AND(_xlpm.maxVal=K7,Q7<>0),_xlpm.maxVal,"")) -> 0.032 | AA7: =_xlfn.LET(_xlpm.maxVal,_xlfn.MAXIFS($K:$K,$A:$A,A7),IF(AND(_xlpm.maxVal=K7,R7<>0),_xlpm.maxVal,"")) -> 0.032 | AB7: =_xlfn.LET(_xlpm.maxVal,_xlfn.MAXIFS($K:$K,$A:$A,A7),IF(AND(_xlpm.maxVal=K7,S7<>0),_xlpm.maxVal,"")) -> 0.032 | AC7: =_xlfn.LET(_xlpm.maxVal,_xlfn.MAXIFS($K:$K,$A:$A,A7),IF(AND(_xlpm.maxVal=K7,T7<>0),_xlpm.maxVal,"")) -> 0.032 | AD7: =$K7*L7*负载统计!$K$3/60 -> 0 | AE7: =$K7*L7*负载统计!$K$4/60 -> 0 | AF7: =$K7*N7*负载统计!$K$5/60 -> 0.00053333333 | AG7: =$K7*O7*负载统计!$K$6/60 -> 0.0016 | AH7: =$K7*P7*负载统计!$K$7/60 -> 0.0036106667 | AI7: =$K7*Q7*负载统计!$K$8/60 -> 0.023253333 | AJ7: =$K7*R7*负载统计!$K$9/60 -> 0.0073866667 | AK7: =$K7*S7*负载统计!$K$10/60 -> 0.00026666667 | AL7: =$K7*T7*负载统计!$K$11/60 -> 0.0021333333
A8: 3 | B8: 2302U2603-28V | C8: EATA23 通信系统 | D8: 音频管理单元2 | E8: 2350E01001G900 | F8: 2302U2603 | G8: =VLOOKUP(A8,负载电气特性!A:G,7,FALSE) -> 28 | H8: 否 | I8: 连续负载 | J8: 关闭 | K8: 0 | L8: 0 | M8: 0 | N8: 0 | O8: 0 | P8: 0 | Q8: 0 | R8: 0 | S8: 0 | T8: 0 | U8: =_xlfn.LET(_xlpm.maxVal,_xlfn.MAXIFS($K:$K,$A:$A,A8),IF(AND(_xlpm.maxVal=K8,L8<>0),_xlpm.maxVal,"")) | V8: =_xlfn.LET(_xlpm.maxVal,_xlfn.MAXIFS($K:$K,$A:$A,A8),IF(AND(_xlpm.maxVal=K8,M8<>0),_xlpm.maxVal,"")) | W8: =_xlfn.LET(_xlpm.maxVal,_xlfn.MAXIFS($K:$K,$A:$A,A8),IF(AND(_xlpm.maxVal=K8,N8<>0),_xlpm.maxVal,"")) | X8: =_xlfn.LET(_xlpm.maxVal,_xlfn.MAXIFS($K:$K,$A:$A,A8),IF(AND(_xlpm.maxVal=K8,O8<>0),_xlpm.maxVal,"")) | Y8: =_xlfn.LET(_xlpm.maxVal,_xlfn.MAXIFS($K:$K,$A:$A,A8),IF(AND(_xlpm.maxVal=K8,P8<>0),_xlpm.maxVal,"")) | Z8: =_xlfn.LET(_xlpm.maxVal,_xlfn.MAXIFS($K:$K,$A:$A,A8),IF(AND(_xlpm.maxVal=K8,Q8<>0),_xlpm.maxVal,"")) | AA8: =_xlfn.LET(_xlpm.maxVal,_xlfn.MAXIFS($K:$K,$A:$A,A8),IF(AND(_xlpm.maxVal=K8,R8<>0),_xlpm.maxVal,"")) | AB8: =_xlfn.LET(_xlpm.maxVal,_xlfn.MAXIFS($K:$K,$A:$A,A8),IF(AND(_xlpm.maxVal=K8,S8<>0),_xlpm.maxVal,"")) | AC8: =_xlfn.LET(_xlpm.maxVal,_xlfn.MAXIFS($K:$K,$A:$A,A8),IF(AND(_xlpm.maxVal=K8,T8<>0),_xlpm.maxVal,"")) | AD8: =$K8*L8*负载统计!$K$3/60 -> 0 | AE8: =$K8*L8*负载统计!$K$4/60 -> 0 | AF8: =$K8*N8*负载统计!$K$5/60 -> 0 | AG8: =$K8*O8*负载统计!$K$6/60 -> 0 | AH8: =$K8*P8*负载统计!$K$7/60 -> 0 | AI8: =$K8*Q8*负载统计!$K$8/60 -> 0 | AJ8: =$K8*R8*负载统计!$K$9/60 -> 0 | AK8: =$K8*S8*负载统计!$K$10/60 -> 0 | AL8: =$K8*T8*负载统计!$K$11/60 -> 0
A9: 4 | B9: 2301T3401-28V | C9: EATA23 通信系统 | D9: 电源转换模块 | E9: 2393E01005U900 | F9: 2301T3401 | G9: =VLOOKUP(A9,负载电气特性!A:G,7,FALSE) -> 28 | H9: 否 | I9: 连续负载 | J9: 工作 | K9: 0.36 | L9: 1 | M9: 1 | N9: 1 | O9: 1 | P9: 1 | Q9: 1 | R9: 1 | S9: 1 | T9: 1 | U9: =_xlfn.LET(_xlpm.maxVal,_xlfn.MAXIFS($K:$K,$A:$A,A9),IF(AND(_xlpm.maxVal=K9,L9<>0),_xlpm.maxVal,"")) -> 0.36 | V9: =_xlfn.LET(_xlpm.maxVal,_xlfn.MAXIFS($K:$K,$A:$A,A9),IF(AND(_xlpm.maxVal=K9,M9<>0),_xlpm.maxVal,"")) -> 0.36 | W9: =_xlfn.LET(_xlpm.maxVal,_xlfn.MAXIFS($K:$K,$A:$A,A9),IF(AND(_xlpm.maxVal=K9,N9<>0),_xlpm.maxVal,"")) -> 0.36 | X9: =_xlfn.LET(_xlpm.maxVal,_xlfn.MAXIFS($K:$K,$A:$A,A9),IF(AND(_xlpm.maxVal=K9,O9<>0),_xlpm.maxVal,"")) -> 0.36 | Y9: =_xlfn.LET(_xlpm.maxVal,_xlfn.MAXIFS($K:$K,$A:$A,A9),IF(AND(_xlpm.maxVal=K9,P9<>0),_xlpm.maxVal,"")) -> 0.36 | Z9: =_xlfn.LET(_xlpm.maxVal,_xlfn.MAXIFS($K:$K,$A:$A,A9),IF(AND(_xlpm.maxVal=K9,Q9<>0),_xlpm.maxVal,"")) -> 0.36 | AA9: =_xlfn.LET(_xlpm.maxVal,_xlfn.MAXIFS($K:$K,$A:$A,A9),IF(AND(_xlpm.maxVal=K9,R9<>0),_xlpm.maxVal,"")) -> 0.36 | AB9: =_xlfn.LET(_xlpm.maxVal,_xlfn.MAXIFS($K:$K,$A:$A,A9),IF(AND(_xlpm.maxVal=K9,S9<>0),_xlpm.maxVal,"")) -> 0.36 | AC9: =_xlfn.LET(_xlpm.maxVal,_xlfn.MAXIFS($K:$K,$A:$A,A9),IF(AND(_xlpm.maxVal=K9,T9<>0),_xlpm.maxVal,"")) -> 0.36 | AD9: =$K9*L9*负载统计!$K$3/60 -> 0 | AE9: =$K9*L9*负载统计!$K$4/60 -> 0 | AF9: =$K9*N9*负载统计!$K$5/60 -> 0.006 | AG9: =$K9*O9*负载统计!$K$6/60 -> 0.018 | AH9: =$K9*P9*负载统计!$K$7/60 -> 0.04062 | AI9: =$K9*Q9*负载统计!$K$8/60 -> 0.2616 | AJ9: =$K9*R9*负载统计!$K$9/60 -> 0.0831 | AK9: =$K9*S9*负载统计!$K$10/60 -> 0.003 | AL9: =$K9*T9*负载统计!$K$11/60 -> 0.024
A10: 4 | B10: 2301T3401-28V | C10: EATA23 通信系统 | D10: 电源转换模块 | E10: 2393E01005U900 | F10: 2301T3401 | G10: =VLOOKUP(A10,负载电气特性!A:G,7,FALSE) -> 28 | H10: 否 | I10: 连续负载 | J10: 关闭 | K10: 0 | L10: 0 | M10: 0 | N10: 0 | O10: 0 | P10: 0 | Q10: 0 | R10: 0 | S10: 0 | T10: 0 | U10: =_xlfn.LET(_xlpm.maxVal,_xlfn.MAXIFS($K:$K,$A:$A,A10),IF(AND(_xlpm.maxVal=K10,L10<>0),_xlpm.maxVal,"")) | V10: =_xlfn.LET(_xlpm.maxVal,_xlfn.MAXIFS($K:$K,$A:$A,A10),IF(AND(_xlpm.maxVal=K10,M10<>0),_xlpm.maxVal,"")) | W10: =_xlfn.LET(_xlpm.maxVal,_xlfn.MAXIFS($K:$K,$A:$A,A10),IF(AND(_xlpm.maxVal=K10,N10<>0),_xlpm.maxVal,"")) | X10: =_xlfn.LET(_xlpm.maxVal,_xlfn.MAXIFS($K:$K,$A:$A,A10),IF(AND(_xlpm.maxVal=K10,O10<>0),_xlpm.maxVal,"")) | Y10: =_xlfn.LET(_xlpm.maxVal,_xlfn.MAXIFS($K:$K,$A:$A,A10),IF(AND(_xlpm.maxVal=K10,P10<>0),_xlpm.maxVal,"")) | Z10: =_xlfn.LET(_xlpm.maxVal,_xlfn.MAXIFS($K:$K,$A:$A,A10),IF(AND(_xlpm.maxVal=K10,Q10<>0),_xlpm.maxVal,"")) | AA10: =_xlfn.LET(_xlpm.maxVal,_xlfn.MAXIFS($K:$K,$A:$A,A10),IF(AND(_xlpm.maxVal=K10,R10<>0),_xlpm.maxVal,"")) | AB10: =_xlfn.LET(_xlpm.maxVal,_xlfn.MAXIFS($K:$K,$A:$A,A10),IF(AND(_xlpm.maxVal=K10,S10<>0),_xlpm.maxVal,"")) | AC10: =_xlfn.LET(_xlpm.maxVal,_xlfn.MAXIFS($K:$K,$A:$A,A10),IF(AND(_xlpm.maxVal=K10,T10<>0),_xlpm.maxVal,"")) | AD10: =$K10*L10*负载统计!$K$3/60 -> 0 | AE10: =$K10*L10*负载统计!$K$4/60 -> 0 | AF10: =$K10*N10*负载统计!$K$5/60 -> 0 | AG10: =$K10*O10*负载统计!$K$6/60 -> 0 | AH10: =$K10*P10*负载统计!$K$7/60 -> 0 | AI10: =$K10*Q10*负载统计!$K$8/60 -> 0 | AJ10: =$K10*R10*负载统计!$K$9/60 -> 0 | AK10: =$K10*S10*负载统计!$K$10/60 -> 0 | AL10: =$K10*T10*负载统计!$K$11/60 -> 0
A11: 5 | B11: 2401G4101-28V | C11: EATA24 电源系统 | D11: E 270V电池（含BMS） | E11: 2431E01001G900 | F11: 2401G4101 | G11: =VLOOKUP(A11,负载电气特性!A:G,7,FALSE) -> 28 | H11: 否 | I11: 连续负载 | J11: 工作 | K11: 0.1 | L11: 1 | M11: 1 | N11: 1 | O11: 1 | P11: 1 | Q11: 1 | R11: 1 | S11: 1 | T11: 1 | U11: =_xlfn.LET(_xlpm.maxVal,_xlfn.MAXIFS($K:$K,$A:$A,A11),IF(AND(_xlpm.maxVal=K11,L11<>0),_xlpm.maxVal,"")) -> 0.1 | V11: =_xlfn.LET(_xlpm.maxVal,_xlfn.MAXIFS($K:$K,$A:$A,A11),IF(AND(_xlpm.maxVal=K11,M11<>0),_xlpm.maxVal,"")) -> 0.1 | W11: =_xlfn.LET(_xlpm.maxVal,_xlfn.MAXIFS($K:$K,$A:$A,A11),IF(AND(_xlpm.maxVal=K11,N11<>0),_xlpm.maxVal,"")) -> 0.1 | X11: =_xlfn.LET(_xlpm.maxVal,_xlfn.MAXIFS($K:$K,$A:$A,A11),IF(AND(_xlpm.maxVal=K11,O11<>0),_xlpm.maxVal,"")) -> 0.1 | Y11: =_xlfn.LET(_xlpm.maxVal,_xlfn.MAXIFS($K:$K,$A:$A,A11),IF(AND(_xlpm.maxVal=K11,P11<>0),_xlpm.maxVal,"")) -> 0.1 | Z11: =_xlfn.LET(_xlpm.maxVal,_xlfn.MAXIFS($K:$K,$A:$A,A11),IF(AND(_xlpm.maxVal=K11,Q11<>0),_xlpm.maxVal,"")) -> 0.1 | AA11: =_xlfn.LET(_xlpm.maxVal,_xlfn.MAXIFS($K:$K,$A:$A,A11),IF(AND(_xlpm.maxVal=K11,R11<>0),_xlpm.maxVal,"")) -> 0.1 | AB11: =_xlfn.LET(_xlpm.maxVal,_xlfn.MAXIFS($K:$K,$A:$A,A11),IF(AND(_xlpm.maxVal=K11,S11<>0),_xlpm.maxVal,"")) -> 0.1 | AC11: =_xlfn.LET(_xlpm.maxVal,_xlfn.MAXIFS($K:$K,$A:$A,A11),IF(AND(_xlpm.maxVal=K11,T11<>0),_xlpm.maxVal,"")) -> 0.1 | AD11: =$K11*L11*负载统计!$K$3/60 -> 0 | AE11: =$K11*L11*负载统计!$K$4/60 -> 0 | AF11: =$K11*N11*负载统计!$K$5/60 -> 0.0016666667 | AG11: =$K11*O11*负载统计!$K$6/60 -> 0.005 | AH11: =$K11*P11*负载统计!$K$7/60 -> 0.011283333 | AI11: =$K11*Q11*负载统计!$K$8/60 -> 0.072666667 | AJ11: =$K11*R11*负载统计!$K$9/60 -> 0.023083333 | AK11: =$K11*S11*负载统计!$K$10/60 -> 0.00083333333 | AL11: =$K11*T11*负载统计!$K$11/60 -> 0.0066666667
A12: 5 | B12: 2401G4101-28V | C12: EATA24 电源系统 | D12: E 270V电池（含BMS） | E12: 2431E01001G900 | F12: 2401G4101 | G12: =VLOOKUP(A12,负载电气特性!A:G,7,FALSE) -> 28 | H12: 否 | I12: 连续负载 | J12: 关闭 | K12: 0 | L12: 0 | M12: 0 | N12: 0 | O12: 0 | P12: 0 | Q12: 0 | R12: 0 | S12: 0 | T12: 0 | U12: =_xlfn.LET(_xlpm.maxVal,_xlfn.MAXIFS($K:$K,$A:$A,A12),IF(AND(_xlpm.maxVal=K12,L12<>0),_xlpm.maxVal,"")) | V12: =_xlfn.LET(_xlpm.maxVal,_xlfn.MAXIFS($K:$K,$A:$A,A12),IF(AND(_xlpm.maxVal=K12,M12<>0),_xlpm.maxVal,"")) | W12: =_xlfn.LET(_xlpm.maxVal,_xlfn.MAXIFS($K:$K,$A:$A,A12),IF(AND(_xlpm.maxVal=K12,N12<>0),_xlpm.maxVal,"")) | X12: =_xlfn.LET(_xlpm.maxVal,_xlfn.MAXIFS($K:$K,$A:$A,A12),IF(AND(_xlpm.maxVal=K12,O12<>0),_xlpm.maxVal,"")) | Y12: =_xlfn.LET(_xlpm.maxVal,_xlfn.MAXIFS($K:$K,$A:$A,A12),IF(AND(_xlpm.maxVal=K12,P12<>0),_xlpm.maxVal,"")) | Z12: =_xlfn.LET(_xlpm.maxVal,_xlfn.MAXIFS($K:$K,$A:$A,A12),IF(AND(_xlpm.maxVal=K12,Q12<>0),_xlpm.maxVal,"")) | AA12: =_xlfn.LET(_xlpm.maxVal,_xlfn.MAXIFS($K:$K,$A:$A,A12),IF(AND(_xlpm.maxVal=K12,R12<>0),_xlpm.maxVal,"")) | AB12: =_xlfn.LET(_xlpm.maxVal,_xlfn.MAXIFS($K:$K,$A:$A,A12),IF(AND(_xlpm.maxVal=K12,S12<>0),_xlpm.maxVal,"")) | AC12: =_xlfn.LET(_xlpm.maxVal,_xlfn.MAXIFS($K:$K,$A:$A,A12),IF(AND(_xlpm.maxVal=K12,T12<>0),_xlpm.maxVal,"")) | AD12: =$K12*L12*负载统计!$K$3/60 -> 0 | AE12: =$K12*L12*负载统计!$K$4/60 -> 0 | AF12: =$K12*N12*负载统计!$K$5/60 -> 0 | AG12: =$K12*O12*负载统计!$K$6/60 -> 0 | AH12: =$K12*P12*负载统计!$K$7/60 -> 0 | AI12: =$K12*Q12*负载统计!$K$8/60 -> 0 | AJ12: =$K12*R12*负载统计!$K$9/60 -> 0 | AK12: =$K12*S12*负载统计!$K$10/60 -> 0 | AL12: =$K12*T12*负载统计!$K$11/60 -> 0
A13: 6 | B13: 2401G5201-28V-L | C13: EATA24 电源系统 | D13: LR 270V电池（含BMS） | E13: 2431E01003G900 | F13: 2401G5201 | G13: =VLOOKUP(A13,负载电气特性!A:G,7,FALSE) -> 28 | H13: 否 | I13: 连续负载 | J13: 工作 | K13: 0.1 | L13: 1 | M13: 1 | N13: 1 | O13: 1 | P13: 1 | Q13: 1 | R13: 1 | S13: 1 | T13: 1 | U13: =_xlfn.LET(_xlpm.maxVal,_xlfn.MAXIFS($K:$K,$A:$A,A13),IF(AND(_xlpm.maxVal=K13,L13<>0),_xlpm.maxVal,"")) -> 0.1 | V13: =_xlfn.LET(_xlpm.maxVal,_xlfn.MAXIFS($K:$K,$A:$A,A13),IF(AND(_xlpm.maxVal=K13,M13<>0),_xlpm.maxVal,"")) -> 0.1 | W13: =_xlfn.LET(_xlpm.maxVal,_xlfn.MAXIFS($K:$K,$A:$A,A13),IF(AND(_xlpm.maxVal=K13,N13<>0),_xlpm.maxVal,"")) -> 0.1 | X13: =_xlfn.LET(_xlpm.maxVal,_xlfn.MAXIFS($K:$K,$A:$A,A13),IF(AND(_xlpm.maxVal=K13,O13<>0),_xlpm.maxVal,"")) -> 0.1 | Y13: =_xlfn.LET(_xlpm.maxVal,_xlfn.MAXIFS($K:$K,$A:$A,A13),IF(AND(_xlpm.maxVal=K13,P13<>0),_xlpm.maxVal,"")) -> 0.1 | Z13: =_xlfn.LET(_xlpm.maxVal,_xlfn.MAXIFS($K:$K,$A:$A,A13),IF(AND(_xlpm.maxVal=K13,Q13<>0),_xlpm.maxVal,"")) -> 0.1 | AA13: =_xlfn.LET(_xlpm.maxVal,_xlfn.MAXIFS($K:$K,$A:$A,A13),IF(AND(_xlpm.maxVal=K13,R13<>0),_xlpm.maxVal,"")) -> 0.1 | AB13: =_xlfn.LET(_xlpm.maxVal,_xlfn.MAXIFS($K:$K,$A:$A,A13),IF(AND(_xlpm.maxVal=K13,S13<>0),_xlpm.maxVal,"")) -> 0.1 | AC13: =_xlfn.LET(_xlpm.maxVal,_xlfn.MAXIFS($K:$K,$A:$A,A13),IF(AND(_xlpm.maxVal=K13,T13<>0),_xlpm.maxVal,"")) -> 0.1 | AD13: =$K13*L13*负载统计!$K$3/60 -> 0 | AE13: =$K13*L13*负载统计!$K$4/60 -> 0 | AF13: =$K13*N13*负载统计!$K$5/60 -> 0.0016666667 | AG13: =$K13*O13*负载统计!$K$6/60 -> 0.005 | AH13: =$K13*P13*负载统计!$K$7/60 -> 0.011283333 | AI13: =$K13*Q13*负载统计!$K$8/60 -> 0.072666667 | AJ13: =$K13*R13*负载统计!$K$9/60 -> 0.023083333 | AK13: =$K13*S13*负载统计!$K$10/60 -> 0.00083333333 | AL13: =$K13*T13*负载统计!$K$11/60 -> 0.0066666667
A14: 6 | B14: 2401G5201-28V-L | C14: EATA24 电源系统 | D14: LR 270V电池（含BMS） | E14: 2431E01003G900 | F14: 2401G5201 | G14: =VLOOKUP(A14,负载电气特性!A:G,7,FALSE) -> 28 | H14: 否 | I14: 连续负载 | J14: 关闭 | K14: 0 | L14: 0 | M14: 0 | N14: 0 | O14: 0 | P14: 0 | Q14: 0 | R14: 0 | S14: 0 | T14: 0 | U14: =_xlfn.LET(_xlpm.maxVal,_xlfn.MAXIFS($K:$K,$A:$A,A14),IF(AND(_xlpm.maxVal=K14,L14<>0),_xlpm.maxVal,"")) | V14: =_xlfn.LET(_xlpm.maxVal,_xlfn.MAXIFS($K:$K,$A:$A,A14),IF(AND(_xlpm.maxVal=K14,M14<>0),_xlpm.maxVal,"")) | W14: =_xlfn.LET(_xlpm.maxVal,_xlfn.MAXIFS($K:$K,$A:$A,A14),IF(AND(_xlpm.maxVal=K14,N14<>0),_xlpm.maxVal,"")) | X14: =_xlfn.LET(_xlpm.maxVal,_xlfn.MAXIFS($K:$K,$A:$A,A14),IF(AND(_xlpm.maxVal=K14,O14<>0),_xlpm.maxVal,"")) | Y14: =_xlfn.LET(_xlpm.maxVal,_xlfn.MAXIFS($K:$K,$A:$A,A14),IF(AND(_xlpm.maxVal=K14,P14<>0),_xlpm.maxVal,"")) | Z14: =_xlfn.LET(_xlpm.maxVal,_xlfn.MAXIFS($K:$K,$A:$A,A14),IF(AND(_xlpm.maxVal=K14,Q14<>0),_xlpm.maxVal,"")) | AA14: =_xlfn.LET(_xlpm.maxVal,_xlfn.MAXIFS($K:$K,$A:$A,A14),IF(AND(_xlpm.maxVal=K14,R14<>0),_xlpm.maxVal,"")) | AB14: =_xlfn.LET(_xlpm.maxVal,_xlfn.MAXIFS($K:$K,$A:$A,A14),IF(AND(_xlpm.maxVal=K14,S14<>0),_xlpm.maxVal,"")) | AC14: =_xlfn.LET(_xlpm.maxVal,_xlfn.MAXIFS($K:$K,$A:$A,A14),IF(AND(_xlpm.maxVal=K14,T14<>0),_xlpm.maxVal,"")) | AD14: =$K14*L14*负载统计!$K$3/60 -> 0 | AE14: =$K14*L14*负载统计!$K$4/60 -> 0 | AF14: =$K14*N14*负载统计!$K$5/60 -> 0 | AG14: =$K14*O14*负载统计!$K$6/60 -> 0 | AH14: =$K14*P14*负载统计!$K$7/60 -> 0 | AI14: =$K14*Q14*负载统计!$K$8/60 -> 0 | AJ14: =$K14*R14*负载统计!$K$9/60 -> 0 | AK14: =$K14*S14*负载统计!$K$10/60 -> 0 | AL14: =$K14*T14*负载统计!$K$11/60 -> 0
... A129: 58 | B129: 3201U6105-270V-功率 | C129: EATA32 起落架系统 | D129: 左主起EHM控制器 | E129: 3231E11100G900 | F129: 3201U6105 | G129: =VLOOKUP(A129,负载电气特性!A:G,7,FALSE) -> 270 | H129: 否 | I129: 脉冲负载 | J129: 工作 | K129: 1.35 | L129: 0 | M129: 0 | N129: 0 | O129: 0 | P129: 0.074 | Q129: 0 | R129: 0.036 | S129: 0 | T129: 0 | U129: =_xlfn.LET(_xlpm.maxVal,_xlfn.MAXIFS($K:$K,$A:$A,A129),IF(AND(_xlpm.maxVal=K129,L129<>0),_xlpm.maxVal,"")) | V129: =_xlfn.LET(_xlpm.maxVal,_xlfn.MAXIFS($K:$K,$A:$A,A129),IF(AND(_xlpm.maxVal=K129,M129<>0),_xlpm.maxVal,"")) | W129: =_xlfn.LET(_xlpm.maxVal,_xlfn.MAXIFS($K:$K,$A:$A,A129),IF(AND(_xlpm.maxVal=K129,N129<>0),_xlpm.maxVal,"")) | X129: =_xlfn.LET(_xlpm.maxVal,_xlfn.MAXIFS($K:$K,$A:$A,A129),IF(AND(_xlpm.maxVal=K129,O129<>0),_xlpm.maxVal,"")) | Y129: =_xlfn.LET(_xlpm.maxVal,_xlfn.MAXIFS($K:$K,$A:$A,A129),IF(AND(_xlpm.maxVal=K129,P129<>0),_xlpm.maxVal,"")) -> 1.35 | Z129: =_xlfn.LET(_xlpm.maxVal,_xlfn.MAXIFS($K:$K,$A:$A,A129),IF(AND(_xlpm.maxVal=K129,Q129<>0),_xlpm.maxVal,"")) | AA129: =_xlfn.LET(_xlpm.maxVal,_xlfn.MAXIFS($K:$K,$A:$A,A129),IF(AND(_xlpm.maxVal=K129,R129<>0),_xlpm.maxVal,"")) -> 1.35 | AB129: =_xlfn.LET(_xlpm.maxVal,_xlfn.MAXIFS($K:$K,$A:$A,A129),IF(AND(_xlpm.maxVal=K129,S129<>0),_xlpm.maxVal,"")) | AC129: =_xlfn.LET(_xlpm.maxVal,_xlfn.MAXIFS($K:$K,$A:$A,A129),IF(AND(_xlpm.maxVal=K129,T129<>0),_xlpm.maxVal,"")) | AD129: =$K129*L129*负载统计!$K$3/60 -> 0 | AE129: =$K129*L129*负载统计!$K$4/60 -> 0 | AF129: =$K129*N129*负载统计!$K$5/60 -> 0 | AG129: =$K129*O129*负载统计!$K$6/60 -> 0 | AH129: =$K129*P129*负载统计!$K$7/60 -> 0.01127205 | AI129: =$K129*Q129*负载统计!$K$8/60 -> 0 | AJ129: =$K129*R129*负载统计!$K$9/60 -> 0.0112185 | AK129: =$K129*S129*负载统计!$K$10/60 -> 0 | AL129: =$K129*T129*负载统计!$K$11/60 -> 0
A130: 58 | B130: 3201U6105-270V-功率 | C130: EATA32 起落架系统 | D130: 左主起EHM控制器 | E130: 3231E11100G900 | F130: 3201U6105 | G130: =VLOOKUP(A130,负载电气特性!A:G,7,FALSE) -> 270 | H130: 否 | I130: 脉冲负载 | J130: 关闭 | K130: 0 | L130: 1 | M130: 1 | N130: 1 | O130: 1 | P130: =1-P129 -> 0.926 | Q130: 1 | R130: =1-R129 -> 0.964 | S130: 1 | T130: 1 | U130: =_xlfn.LET(_xlpm.maxVal,_xlfn.MAXIFS($K:$K,$A:$A,A130),IF(AND(_xlpm.maxVal=K130,L130<>0),_xlpm.maxVal,"")) | V130: =_xlfn.LET(_xlpm.maxVal,_xlfn.MAXIFS($K:$K,$A:$A,A130),IF(AND(_xlpm.maxVal=K130,M130<>0),_xlpm.maxVal,"")) | W130: =_xlfn.LET(_xlpm.maxVal,_xlfn.MAXIFS($K:$K,$A:$A,A130),IF(AND(_xlpm.maxVal=K130,N130<>0),_xlpm.maxVal,"")) | X130: =_xlfn.LET(_xlpm.maxVal,_xlfn.MAXIFS($K:$K,$A:$A,A130),IF(AND(_xlpm.maxVal=K130,O130<>0),_xlpm.maxVal,"")) | Y130: =_xlfn.LET(_xlpm.maxVal,_xlfn.MAXIFS($K:$K,$A:$A,A130),IF(AND(_xlpm.maxVal=K130,P130<>0),_xlpm.maxVal,"")) | Z130: =_xlfn.LET(_xlpm.maxVal,_xlfn.MAXIFS($K:$K,$A:$A,A130),IF(AND(_xlpm.maxVal=K130,Q130<>0),_xlpm.maxVal,"")) | AA130: =_xlfn.LET(_xlpm.maxVal,_xlfn.MAXIFS($K:$K,$A:$A,A130),IF(AND(_xlpm.maxVal=K130,R130<>0),_xlpm.maxVal,"")) | AB130: =_xlfn.LET(_xlpm.maxVal,_xlfn.MAXIFS($K:$K,$A:$A,A130),IF(AND(_xlpm.maxVal=K130,S130<>0),_xlpm.maxVal,"")) | AC130: =_xlfn.LET(_xlpm.maxVal,_xlfn.MAXIFS($K:$K,$A:$A,A130),IF(AND(_xlpm.maxVal=K130,T130<>0),_xlpm.maxVal,"")) | AD130: =$K130*L130*负载统计!$K$3/60 -> 0 | AE130: =$K130*L130*负载统计!$K$4/60 -> 0 | AF130: =$K130*N130*负载统计!$K$5/60 -> 0 | AG130: =$K130*O130*负载统计!$K$6/60 -> 0 | AH130: =$K130*P130*负载统计!$K$7/60 -> 0 | AI130: =$K130*Q130*负载统计!$K$8/60 -> 0 | AJ130: =$K130*R130*负载统计!$K$9/60 -> 0 | AK130: =$K130*S130*负载统计!$K$10/60 -> 0 | AL130: =$K130*T130*负载统计!$K$11/60 -> 0
A131: 59 | B131: 3201U6105-28V-控制 | C131: EATA32 起落架系统 | D131: 左主起EHM控制器 | E131: 3231E11100G900 | F131: 3201U6105 | G131: =VLOOKUP(A131,负载电气特性!A:G,7,FALSE) -> 28 | H131: 否 | I131: 连续负载 | J131: 工作 | K131: 0.098 | L131: 1 | M131: 1 | N131: 1 | O131: 1 | P131: 1 | Q131: 1 | R131: 1 | S131: 1 | T131: 1 | U131: =_xlfn.LET(_xlpm.maxVal,_xlfn.MAXIFS($K:$K,$A:$A,A131),IF(AND(_xlpm.maxVal=K131,L131<>0),_xlpm.maxVal,"")) -> 0.098 | V131: =_xlfn.LET(_xlpm.maxVal,_xlfn.MAXIFS($K:$K,$A:$A,A131),IF(AND(_xlpm.maxVal=K131,M131<>0),_xlpm.maxVal,"")) -> 0.098 | W131: =_xlfn.LET(_xlpm.maxVal,_xlfn.MAXIFS($K:$K,$A:$A,A131),IF(AND(_xlpm.maxVal=K131,N131<>0),_xlpm.maxVal,"")) -> 0.098 | X131: =_xlfn.LET(_xlpm.maxVal,_xlfn.MAXIFS($K:$K,$A:$A,A131),IF(AND(_xlpm.maxVal=K131,O131<>0),_xlpm.maxVal,"")) -> 0.098 | Y131: =_xlfn.LET(_xlpm.maxVal,_xlfn.MAXIFS($K:$K,$A:$A,A131),IF(AND(_xlpm.maxVal=K131,P131<>0),_xlpm.maxVal,"")) -> 0.098 | Z131: =_xlfn.LET(_xlpm.maxVal,_xlfn.MAXIFS($K:$K,$A:$A,A131),IF(AND(_xlpm.maxVal=K131,Q131<>0),_xlpm.maxVal,"")) -> 0.098 | AA131: =_xlfn.LET(_xlpm.maxVal,_xlfn.MAXIFS($K:$K,$A:$A,A131),IF(AND(_xlpm.maxVal=K131,R131<>0),_xlpm.maxVal,"")) -> 0.098 | AB131: =_xlfn.LET(_xlpm.maxVal,_xlfn.MAXIFS($K:$K,$A:$A,A131),IF(AND(_xlpm.maxVal=K131,S131<>0),_xlpm.maxVal,"")) -> 0.098 | AC131: =_xlfn.LET(_xlpm.maxVal,_xlfn.MAXIFS($K:$K,$A:$A,A131),IF(AND(_xlpm.maxVal=K131,T131<>0),_xlpm.maxVal,"")) -> 0.098 | AD131: =$K131*L131*负载统计!$K$3/60 -> 0 | AE131: =$K131*L131*负载统计!$K$4/60 -> 0 | AF131: =$K131*N131*负载统计!$K$5/60 -> 0.0016333333 | AG131: =$K131*O131*负载统计!$K$6/60 -> 0.0049 | AH131: =$K131*P131*负载统计!$K$7/60 -> 0.011057667 | AI131: =$K131*Q131*负载统计!$K$8/60 -> 0.071213333 | AJ131: =$K131*R131*负载统计!$K$9/60 -> 0.022621667 | AK131: =$K131*S131*负载统计!$K$10/60 -> 0.00081666667 | AL131: =$K131*T131*负载统计!$K$11/60 -> 0.0065333333
A132: 59 | B132: 3201U6105-28V-控制 | C132: EATA32 起落架系统 | D132: 左主起EHM控制器 | E132: 3231E11100G900 | F132: 3201U6105 | G132: =VLOOKUP(A132,负载电气特性!A:G,7,FALSE) -> 28 | H132: 否 | I132: 连续负载 | J132: 待机 | K132: 0.008 | L132: 0 | M132: 0 | N132: 0 | O132: 0 | P132: 0 | Q132: 0 | R132: 0 | S132: 0 | T132: 0 | U132: =_xlfn.LET(_xlpm.maxVal,_xlfn.MAXIFS($K:$K,$A:$A,A132),IF(AND(_xlpm.maxVal=K132,L132<>0),_xlpm.maxVal,"")) | V132: =_xlfn.LET(_xlpm.maxVal,_xlfn.MAXIFS($K:$K,$A:$A,A132),IF(AND(_xlpm.maxVal=K132,M132<>0),_xlpm.maxVal,"")) | W132: =_xlfn.LET(_xlpm.maxVal,_xlfn.MAXIFS($K:$K,$A:$A,A132),IF(AND(_xlpm.maxVal=K132,N132<>0),_xlpm.maxVal,"")) | X132: =_xlfn.LET(_xlpm.maxVal,_xlfn.MAXIFS($K:$K,$A:$A,A132),IF(AND(_xlpm.maxVal=K132,O132<>0),_xlpm.maxVal,"")) | Y132: =_xlfn.LET(_xlpm.maxVal,_xlfn.MAXIFS($K:$K,$A:$A,A132),IF(AND(_xlpm.maxVal=K132,P132<>0),_xlpm.maxVal,"")) | Z132: =_xlfn.LET(_xlpm.maxVal,_xlfn.MAXIFS($K:$K,$A:$A,A132),IF(AND(_xlpm.maxVal=K132,Q132<>0),_xlpm.maxVal,"")) | AA132: =_xlfn.LET(_xlpm.maxVal,_xlfn.MAXIFS($K:$K,$A:$A,A132),IF(AND(_xlpm.maxVal=K132,R132<>0),_xlpm.maxVal,"")) | AB132: =_xlfn.LET(_xlpm.maxVal,_xlfn.MAXIFS($K:$K,$A:$A,A132),IF(AND(_xlpm.maxVal=K132,S132<>0),_xlpm.maxVal,"")) | AC132: =_xlfn.LET(_xlpm.maxVal,_xlfn.MAXIFS($K:$K,$A:$A,A132),IF(AND(_xlpm.maxVal=K132,T132<>0),_xlpm.maxVal,"")) | AD132: =$K132*L132*负载统计!$K$3/60 -> 0 | AE132: =$K132*L132*负载统计!$K$4/60 -> 0 | AF132: =$K132*N132*负载统计!$K$5/60 -> 0 | AG132: =$K132*O132*负载统计!$K$6/60 -> 0 | AH132: =$K132*P132*负载统计!$K$7/60 -> 0 | AI132: =$K132*Q132*负载统计!$K$8/60 -> 0 | AJ132: =$K132*R132*负载统计!$K$9/60 -> 0 | AK132: =$K132*S132*负载统计!$K$10/60 -> 0 | AL132: =$K132*T132*负载统计!$K$11/60 -> 0
A133: 59 | B133: 3201U6105-28V-控制 | C133: EATA32 起落架系统 | D133: 左主起EHM控制器 | E133: 3231E11100G900 | F133: 3201U6105 | G133: =VLOOKUP(A133,负载电气特性!A:G,7,FALSE) -> 28 | H133: 否 | I133: 连续负载 | J133: 关闭 | K133: 0 | L133: 0 | M133: 0 | N133: 0 | O133: 0 | P133: 0 | Q133: 0 | R133: 0 | S133: 0 | T133: 0 | U133: =_xlfn.LET(_xlpm.maxVal,_xlfn.MAXIFS($K:$K,$A:$A,A133),IF(AND(_xlpm.maxVal=K133,L133<>0),_xlpm.maxVal,"")) | V133: =_xlfn.LET(_xlpm.maxVal,_xlfn.MAXIFS($K:$K,$A:$A,A133),IF(AND(_xlpm.maxVal=K133,M133<>0),_xlpm.maxVal,"")) | W133: =_xlfn.LET(_xlpm.maxVal,_xlfn.MAXIFS($K:$K,$A:$A,A133),IF(AND(_xlpm.maxVal=K133,N133<>0),_xlpm.maxVal,"")) | X133: =_xlfn.LET(_xlpm.maxVal,_xlfn.MAXIFS($K:$K,$A:$A,A133),IF(AND(_xlpm.maxVal=K133,O133<>0),_xlpm.maxVal,"")) | Y133: =_xlfn.LET(_xlpm.maxVal,_xlfn.MAXIFS($K:$K,$A:$A,A133),IF(AND(_xlpm.maxVal=K133,P133<>0),_xlpm.maxVal,"")) | Z133: =_xlfn.LET(_xlpm.maxVal,_xlfn.MAXIFS($K:$K,$A:$A,A133),IF(AND(_xlpm.maxVal=K133,Q133<>0),_xlpm.maxVal,"")) | AA133: =_xlfn.LET(_xlpm.maxVal,_xlfn.MAXIFS($K:$K,$A:$A,A133),IF(AND(_xlpm.maxVal=K133,R133<>0),_xlpm.maxVal,"")) | AB133: =_xlfn.LET(_xlpm.maxVal,_xlfn.MAXIFS($K:$K,$A:$A,A133),IF(AND(_xlpm.maxVal=K133,S133<>0),_xlpm.maxVal,"")) | AC133: =_xlfn.LET(_xlpm.maxVal,_xlfn.MAXIFS($K:$K,$A:$A,A133),IF(AND(_xlpm.maxVal=K133,T133<>0),_xlpm.maxVal,"")) | AD133: =$K133*L133*负载统计!$K$3/60 -> 0 | AE133: =$K133*L133*负载统计!$K$4/60 -> 0 | AF133: =$K133*N133*负载统计!$K$5/60 -> 0 | AG133: =$K133*O133*负载统计!$K$6/60 -> 0 | AH133: =$K133*P133*负载统计!$K$7/60 -> 0 | AI133: =$K133*Q133*负载统计!$K$8/60 -> 0 | AJ133: =$K133*R133*负载统计!$K$9/60 -> 0 | AK133: =$K133*S133*负载统计!$K$10/60 -> 0 | AL133: =$K133*T133*负载统计!$K$11/60 -> 0
A134: 60 | B134: 3201U6107-270V-功率 | C134: EATA32 起落架系统 | D134: 右主起EHM控制器 | E134: 3231E11100G900 | F134: 3201U6107 | G134: =VLOOKUP(A134,负载电气特性!A:G,7,FALSE) -> 270 | H134: 否 | I134: 脉冲负载 | J134: 工作 | K134: 1.35 | L134: 0 | M134: 0 | N134: 0 | O134: 0 | P134: 0.074 | Q134: 0 | R134: 0.036 | S134: 0 | T134: 0 | U134: =_xlfn.LET(_xlpm.maxVal,_xlfn.MAXIFS($K:$K,$A:$A,A134),IF(AND(_xlpm.maxVal=K134,L134<>0),_xlpm.maxVal,"")) | V134: =_xlfn.LET(_xlpm.maxVal,_xlfn.MAXIFS($K:$K,$A:$A,A134),IF(AND(_xlpm.maxVal=K134,M134<>0),_xlpm.maxVal,"")) | W134: =_xlfn.LET(_xlpm.maxVal,_xlfn.MAXIFS($K:$K,$A:$A,A134),IF(AND(_xlpm.maxVal=K134,N134<>0),_xlpm.maxVal,"")) | X134: =_xlfn.LET(_xlpm.maxVal,_xlfn.MAXIFS($K:$K,$A:$A,A134),IF(AND(_xlpm.maxVal=K134,O134<>0),_xlpm.maxVal,"")) | Y134: =_xlfn.LET(_xlpm.maxVal,_xlfn.MAXIFS($K:$K,$A:$A,A134),IF(AND(_xlpm.maxVal=K134,P134<>0),_xlpm.maxVal,"")) -> 1.35 | Z134: =_xlfn.LET(_xlpm.maxVal,_xlfn.MAXIFS($K:$K,$A:$A,A134),IF(AND(_xlpm.maxVal=K134,Q134<>0),_xlpm.maxVal,"")) | AA134: =_xlfn.LET(_xlpm.maxVal,_xlfn.MAXIFS($K:$K,$A:$A,A134),IF(AND(_xlpm.maxVal=K134,R134<>0),_xlpm.maxVal,"")) -> 1.35 | AB134: =_xlfn.LET(_xlpm.maxVal,_xlfn.MAXIFS($K:$K,$A:$A,A134),IF(AND(_xlpm.maxVal=K134,S134<>0),_xlpm.maxVal,"")) | AC134: =_xlfn.LET(_xlpm.maxVal,_xlfn.MAXIFS($K:$K,$A:$A,A134),IF(AND(_xlpm.maxVal=K134,T134<>0),_xlpm.maxVal,"")) | AD134: =$K134*L134*负载统计!$K$3/60 -> 0 | AE134: =$K134*L134*负载统计!$K$4/60 -> 0 | AF134: =$K134*N134*负载统计!$K$5/60 -> 0 | AG134: =$K134*O134*负载统计!$K$6/60 -> 0 | AH134: =$K134*P134*负载统计!$K$7/60 -> 0.01127205 | AI134: =$K134*Q134*负载统计!$K$8/60 -> 0 | AJ134: =$K134*R134*负载统计!$K$9/60 -> 0.0112185 | AK134: =$K134*S134*负载统计!$K$10/60 -> 0 | AL134: =$K134*T134*负载统计!$K$11/60 -> 0
A135: 60 | B135: 3201U6107-270V-功率 | C135: EATA32 起落架系统 | D135: 右主起EHM控制器 | E135: 3231E11100G900 | F135: 3201U6107 | G135: =VLOOKUP(A135,负载电气特性!A:G,7,FALSE) -> 270 | H135: 否 | I135: 脉冲负载 | J135: 关闭 | K135: 0 | L135: 1 | M135: 1 | N135: 1 | O135: 1 | P135: =1-P134 -> 0.926 | Q135: 1 | R135: =1-R134 -> 0.964 | S135: 1 | T135: 1 | U135: =_xlfn.LET(_xlpm.maxVal,_xlfn.MAXIFS($K:$K,$A:$A,A135),IF(AND(_xlpm.maxVal=K135,L135<>0),_xlpm.maxVal,"")) | V135: =_xlfn.LET(_xlpm.maxVal,_xlfn.MAXIFS($K:$K,$A:$A,A135),IF(AND(_xlpm.maxVal=K135,M135<>0),_xlpm.maxVal,"")) | W135: =_xlfn.LET(_xlpm.maxVal,_xlfn.MAXIFS($K:$K,$A:$A,A135),IF(AND(_xlpm.maxVal=K135,N135<>0),_xlpm.maxVal,"")) | X135: =_xlfn.LET(_xlpm.maxVal,_xlfn.MAXIFS($K:$K,$A:$A,A135),IF(AND(_xlpm.maxVal=K135,O135<>0),_xlpm.maxVal,"")) | Y135: =_xlfn.LET(_xlpm.maxVal,_xlfn.MAXIFS($K:$K,$A:$A,A135),IF(AND(_xlpm.maxVal=K135,P135<>0),_xlpm.maxVal,"")) | Z135: =_xlfn.LET(_xlpm.maxVal,_xlfn.MAXIFS($K:$K,$A:$A,A135),IF(AND(_xlpm.maxVal=K135,Q135<>0),_xlpm.maxVal,"")) | AA135: =_xlfn.LET(_xlpm.maxVal,_xlfn.MAXIFS($K:$K,$A:$A,A135),IF(AND(_xlpm.maxVal=K135,R135<>0),_xlpm.maxVal,"")) | AB135: =_xlfn.LET(_xlpm.maxVal,_xlfn.MAXIFS($K:$K,$A:$A,A135),IF(AND(_xlpm.maxVal=K135,S135<>0),_xlpm.maxVal,"")) | AC135: =_xlfn.LET(_xlpm.maxVal,_xlfn.MAXIFS($K:$K,$A:$A,A135),IF(AND(_xlpm.maxVal=K135,T135<>0),_xlpm.maxVal,"")) | AD135: =$K135*L135*负载统计!$K$3/60 -> 0 | AE135: =$K135*L135*负载统计!$K$4/60 -> 0 | AF135: =$K135*N135*负载统计!$K$5/60 -> 0 | AG135: =$K135*O135*负载统计!$K$6/60 -> 0 | AH135: =$K135*P135*负载统计!$K$7/60 -> 0 | AI135: =$K135*Q135*负载统计!$K$8/60 -> 0 | AJ135: =$K135*R135*负载统计!$K$9/60 -> 0 | AK135: =$K135*S135*负载统计!$K$10/60 -> 0 | AL135: =$K135*T135*负载统计!$K$11/60 -> 0
A136: 61 | B136: 3201U6107-28V-控制 | C136: EATA32 起落架系统 | D136: 右主起EHM控制器 | E136: 3231E11100G900 | F136: 3201U6107 | G136: =VLOOKUP(A136,负载电气特性!A:G,7,FALSE) -> 28 | H136: 否 | I136: 连续负载 | J136: 工作 | K136: 0.098 | L136: 1 | M136: 1 | N136: 1 | O136: 1 | P136: 1 | Q136: 1 | R136: 1 | S136: 1 | T136: 1 | U136: =_xlfn.LET(_xlpm.maxVal,_xlfn.MAXIFS($K:$K,$A:$A,A136),IF(AND(_xlpm.maxVal=K136,L136<>0),_xlpm.maxVal,"")) -> 0.098 | V136: =_xlfn.LET(_xlpm.maxVal,_xlfn.MAXIFS($K:$K,$A:$A,A136),IF(AND(_xlpm.maxVal=K136,M136<>0),_xlpm.maxVal,"")) -> 0.098 | W136: =_xlfn.LET(_xlpm.maxVal,_xlfn.MAXIFS($K:$K,$A:$A,A136),IF(AND(_xlpm.maxVal=K136,N136<>0),_xlpm.maxVal,"")) -> 0.098 | X136: =_xlfn.LET(_xlpm.maxVal,_xlfn.MAXIFS($K:$K,$A:$A,A136),IF(AND(_xlpm.maxVal=K136,O136<>0),_xlpm.maxVal,"")) -> 0.098 | Y136: =_xlfn.LET(_xlpm.maxVal,_xlfn.MAXIFS($K:$K,$A:$A,A136),IF(AND(_xlpm.maxVal=K136,P136<>0),_xlpm.maxVal,"")) -> 0.098 | Z136: =_xlfn.LET(_xlpm.maxVal,_xlfn.MAXIFS($K:$K,$A:$A,A136),IF(AND(_xlpm.maxVal=K136,Q136<>0),_xlpm.maxVal,"")) -> 0.098 | AA136: =_xlfn.LET(_xlpm.maxVal,_xlfn.MAXIFS($K:$K,$A:$A,A136),IF(AND(_xlpm.maxVal=K136,R136<>0),_xlpm.maxVal,"")) -> 0.098 | AB136: =_xlfn.LET(_xlpm.maxVal,_xlfn.MAXIFS($K:$K,$A:$A,A136),IF(AND(_xlpm.maxVal=K136,S136<>0),_xlpm.maxVal,"")) -> 0.098 | AC136: =_xlfn.LET(_xlpm.maxVal,_xlfn.MAXIFS($K:$K,$A:$A,A136),IF(AND(_xlpm.maxVal=K136,T136<>0),_xlpm.maxVal,"")) -> 0.098 | AD136: =$K136*L136*负载统计!$K$3/60 -> 0 | AE136: =$K136*L136*负载统计!$K$4/60 -> 0 | AF136: =$K136*N136*负载统计!$K$5/60 -> 0.0016333333 | AG136: =$K136*O136*负载统计!$K$6/60 -> 0.0049 | AH136: =$K136*P136*负载统计!$K$7/60 -> 0.011057667 | AI136: =$K136*Q136*负载统计!$K$8/60 -> 0.071213333 | AJ136: =$K136*R136*负载统计!$K$9/60 -> 0.022621667 | AK136: =$K136*S136*负载统计!$K$10/60 -> 0.00081666667 | AL136: =$K136*T136*负载统计!$K$11/60 -> 0.0065333333
A137: 61 | B137: 3201U6107-28V-控制 | C137: EATA32 起落架系统 | D137: 右主起EHM控制器 | E137: 3231E11100G900 | F137: 3201U6107 | G137: =VLOOKUP(A137,负载电气特性!A:G,7,FALSE) -> 28 | H137: 否 | I137: 连续负载 | J137: 待机 | K137: 0.008 | L137: 0 | M137: 0 | N137: 0 | O137: 0 | P137: 0 | Q137: 0 | R137: 0 | S137: 0 | T137: 0 | U137: =_xlfn.LET(_xlpm.maxVal,_xlfn.MAXIFS($K:$K,$A:$A,A137),IF(AND(_xlpm.maxVal=K137,L137<>0),_xlpm.maxVal,"")) | V137: =_xlfn.LET(_xlpm.maxVal,_xlfn.MAXIFS($K:$K,$A:$A,A137),IF(AND(_xlpm.maxVal=K137,M137<>0),_xlpm.maxVal,"")) | W137: =_xlfn.LET(_xlpm.maxVal,_xlfn.MAXIFS($K:$K,$A:$A,A137),IF(AND(_xlpm.maxVal=K137,N137<>0),_xlpm.maxVal,"")) | X137: =_xlfn.LET(_xlpm.maxVal,_xlfn.MAXIFS($K:$K,$A:$A,A137),IF(AND(_xlpm.maxVal=K137,O137<>0),_xlpm.maxVal,"")) | Y137: =_xlfn.LET(_xlpm.maxVal,_xlfn.MAXIFS($K:$K,$A:$A,A137),IF(AND(_xlpm.maxVal=K137,P137<>0),_xlpm.maxVal,"")) | Z137: =_xlfn.LET(_xlpm.maxVal,_xlfn.MAXIFS($K:$K,$A:$A,A137),IF(AND(_xlpm.maxVal=K137,Q137<>0),_xlpm.maxVal,"")) | AA137: =_xlfn.LET(_xlpm.maxVal,_xlfn.MAXIFS($K:$K,$A:$A,A137),IF(AND(_xlpm.maxVal=K137,R137<>0),_xlpm.maxVal,"")) | AB137: =_xlfn.LET(_xlpm.maxVal,_xlfn.MAXIFS($K:$K,$A:$A,A137),IF(AND(_xlpm.maxVal=K137,S137<>0),_xlpm.maxVal,"")) | AC137: =_xlfn.LET(_xlpm.maxVal,_xlfn.MAXIFS($K:$K,$A:$A,A137),IF(AND(_xlpm.maxVal=K137,T137<>0),_xlpm.maxVal,"")) | AD137: =$K137*L137*负载统计!$K$3/60 -> 0 | AE137: =$K137*L137*负载统计!$K$4/60 -> 0 | AF137: =$K137*N137*负载统计!$K$5/60 -> 0 | AG137: =$K137*O137*负载统计!$K$6/60 -> 0 | AH137: =$K137*P137*负载统计!$K$7/60 -> 0 | AI137: =$K137*Q137*负载统计!$K$8/60 -> 0 | AJ137: =$K137*R137*负载统计!$K$9/60 -> 0 | AK137: =$K137*S137*负载统计!$K$10/60 -> 0 | AL137: =$K137*T137*负载统计!$K$11/60 -> 0
A138: 61 | B138: 3201U6107-28V-控制 | C138: EATA32 起落架系统 | D138: 右主起EHM控制器 | E138: 3231E11100G900 | F138: 3201U6107 | G138: =VLOOKUP(A138,负载电气特性!A:G,7,FALSE) -> 28 | H138: 否 | I138: 连续负载 | J138: 关闭 | K138: 0 | L138: 0 | M138: 0 | N138: 0 | O138: 0 | P138: 0 | Q138: 0 | R138: 0 | S138: 0 | T138: 0 | U138: =_xlfn.LET(_xlpm.maxVal,_xlfn.MAXIFS($K:$K,$A:$A,A138),IF(AND(_xlpm.maxVal=K138,L138<>0),_xlpm.maxVal,"")) | V138: =_xlfn.LET(_xlpm.maxVal,_xlfn.MAXIFS($K:$K,$A:$A,A138),IF(AND(_xlpm.maxVal=K138,M138<>0),_xlpm.maxVal,"")) | W138: =_xlfn.LET(_xlpm.maxVal,_xlfn.MAXIFS($K:$K,$A:$A,A138),IF(AND(_xlpm.maxVal=K138,N138<>0),_xlpm.maxVal,"")) | X138: =_xlfn.LET(_xlpm.maxVal,_xlfn.MAXIFS($K:$K,$A:$A,A138),IF(AND(_xlpm.maxVal=K138,O138<>0),_xlpm.maxVal,"")) | Y138: =_xlfn.LET(_xlpm.maxVal,_xlfn.MAXIFS($K:$K,$A:$A,A138),IF(AND(_xlpm.maxVal=K138,P138<>0),_xlpm.maxVal,"")) | Z138: =_xlfn.LET(_xlpm.maxVal,_xlfn.MAXIFS($K:$K,$A:$A,A138),IF(AND(_xlpm.maxVal=K138,Q138<>0),_xlpm.maxVal,"")) | AA138: =_xlfn.LET(_xlpm.maxVal,_xlfn.MAXIFS($K:$K,$A:$A,A138),IF(AND(_xlpm.maxVal=K138,R138<>0),_xlpm.maxVal,"")) | AB138: =_xlfn.LET(_xlpm.maxVal,_xlfn.MAXIFS($K:$K,$A:$A,A138),IF(AND(_xlpm.maxVal=K138,S138<>0),_xlpm.maxVal,"")) | AC138: =_xlfn.LET(_xlpm.maxVal,_xlfn.MAXIFS($K:$K,$A:$A,A138),IF(AND(_xlpm.maxVal=K138,T138<>0),_xlpm.maxVal,"")) | AD138: =$K138*L138*负载统计!$K$3/60 -> 0 | AE138: =$K138*L138*负载统计!$K$4/60 -> 0 | AF138: =$K138*N138*负载统计!$K$5/60 -> 0 | AG138: =$K138*O138*负载统计!$K$6/60 -> 0 | AH138: =$K138*P138*负载统计!$K$7/60 -> 0 | AI138: =$K138*Q138*负载统计!$K$8/60 -> 0 | AJ138: =$K138*R138*负载统计!$K$9/60 -> 0 | AK138: =$K138*S138*负载统计!$K$10/60 -> 0 | AL138: =$K138*T138*负载统计!$K$11/60 -> 0
A139: 62 | B139: 3201U4121-270V-功率 | C139: EATA32 起落架系统 | D139: 前起EHM控制器 | E139: 3231E11300G900 | F139: 3201U4121 | G139: =VLOOKUP(A139,负载电气特性!A:G,7,FALSE) -> 270 | H139: 否 | I139: 脉冲负载 | J139: 工作 | K139: 1.35 | L139: 0 | M139: 0 | N139: 0 | O139: 0 | P139: 0.074 | Q139: 0 | R139: 0.036 | S139: 0 | T139: 0 | U139: =_xlfn.LET(_xlpm.maxVal,_xlfn.MAXIFS($K:$K,$A:$A,A139),IF(AND(_xlpm.maxVal=K139,L139<>0),_xlpm.maxVal,"")) | V139: =_xlfn.LET(_xlpm.maxVal,_xlfn.MAXIFS($K:$K,$A:$A,A139),IF(AND(_xlpm.maxVal=K139,M139<>0),_xlpm.maxVal,"")) | W139: =_xlfn.LET(_xlpm.maxVal,_xlfn.MAXIFS($K:$K,$A:$A,A139),IF(AND(_xlpm.maxVal=K139,N139<>0),_xlpm.maxVal,"")) | X139: =_xlfn.LET(_xlpm.maxVal,_xlfn.MAXIFS($K:$K,$A:$A,A139),IF(AND(_xlpm.maxVal=K139,O139<>0),_xlpm.maxVal,"")) | Y139: =_xlfn.LET(_xlpm.maxVal,_xlfn.MAXIFS($K:$K,$A:$A,A139),IF(AND(_xlpm.maxVal=K139,P139<>0),_xlpm.maxVal,"")) -> 1.35 | Z139: =_xlfn.LET(_xlpm.maxVal,_xlfn.MAXIFS($K:$K,$A:$A,A139),IF(AND(_xlpm.maxVal=K139,Q139<>0),_xlpm.maxVal,"")) | AA139: =_xlfn.LET(_xlpm.maxVal,_xlfn.MAXIFS($K:$K,$A:$A,A139),IF(AND(_xlpm.maxVal=K139,R139<>0),_xlpm.maxVal,"")) -> 1.35 | AB139: =_xlfn.LET(_xlpm.maxVal,_xlfn.MAXIFS($K:$K,$A:$A,A139),IF(AND(_xlpm.maxVal=K139,S139<>0),_xlpm.maxVal,"")) | AC139: =_xlfn.LET(_xlpm.maxVal,_xlfn.MAXIFS($K:$K,$A:$A,A139),IF(AND(_xlpm.maxVal=K139,T139<>0),_xlpm.maxVal,"")) | AD139: =$K139*L139*负载统计!$K$3/60 -> 0 | AE139: =$K139*L139*负载统计!$K$4/60 -> 0 | AF139: =$K139*N139*负载统计!$K$5/60 -> 0 | AG139: =$K139*O139*负载统计!$K$6/60 -> 0 | AH139: =$K139*P139*负载统计!$K$7/60 -> 0.01127205 | AI139: =$K139*Q139*负载统计!$K$8/60 -> 0 | AJ139: =$K139*R139*负载统计!$K$9/60 -> 0.0112185 | AK139: =$K139*S139*负载统计!$K$10/60 -> 0 | AL139: =$K139*T139*负载统计!$K$11/60 -> 0
A140: 62 | B140: 3201U4121-270V-功率 | C140: EATA32 起落架系统 | D140: 前起EHM控制器 | E140: 3231E11300G900 | F140: 3201U4121 | G140: =VLOOKUP(A140,负载电气特性!A:G,7,FALSE) -> 270 | H140: 否 | I140: 脉冲负载 | J140: 关闭 | K140: 0 | L140: 1 | M140: 1 | N140: 1 | O140: 1 | P140: =1-P139 -> 0.926 | Q140: 1 | R140: =1-R139 -> 0.964 | S140: 1 | T140: 1 | U140: =_xlfn.LET(_xlpm.maxVal,_xlfn.MAXIFS($K:$K,$A:$A,A140),IF(AND(_xlpm.maxVal=K140,L140<>0),_xlpm.maxVal,"")) | V140: =_xlfn.LET(_xlpm.maxVal,_xlfn.MAXIFS($K:$K,$A:$A,A140),IF(AND(_xlpm.maxVal=K140,M140<>0),_xlpm.maxVal,"")) | W140: =_xlfn.LET(_xlpm.maxVal,_xlfn.MAXIFS($K:$K,$A:$A,A140),IF(AND(_xlpm.maxVal=K140,N140<>0),_xlpm.maxVal,"")) | X140: =_xlfn.LET(_xlpm.maxVal,_xlfn.MAXIFS($K:$K,$A:$A,A140),IF(AND(_xlpm.maxVal=K140,O140<>0),_xlpm.maxVal,"")) | Y140: =_xlfn.LET(_xlpm.maxVal,_xlfn.MAXIFS($K:$K,$A:$A,A140),IF(AND(_xlpm.maxVal=K140,P140<>0),_xlpm.maxVal,"")) | Z140: =_xlfn.LET(_xlpm.maxVal,_xlfn.MAXIFS($K:$K,$A:$A,A140),IF(AND(_xlpm.maxVal=K140,Q140<>0),_xlpm.maxVal,"")) | AA140: =_xlfn.LET(_xlpm.maxVal,_xlfn.MAXIFS($K:$K,$A:$A,A140),IF(AND(_xlpm.maxVal=K140,R140<>0),_xlpm.maxVal,"")) | AB140: =_xlfn.LET(_xlpm.maxVal,_xlfn.MAXIFS($K:$K,$A:$A,A140),IF(AND(_xlpm.maxVal=K140,S140<>0),_xlpm.maxVal,"")) | AC140: =_xlfn.LET(_xlpm.maxVal,_xlfn.MAXIFS($K:$K,$A:$A,A140),IF(AND(_xlpm.maxVal=K140,T140<>0),_xlpm.maxVal,"")) | AD140: =$K140*L140*负载统计!$K$3/60 -> 0 | AE140: =$K140*L140*负载统计!$K$4/60 -> 0 | AF140: =$K140*N140*负载统计!$K$5/60 -> 0 | AG140: =$K140*O140*负载统计!$K$6/60 -> 0 | AH140: =$K140*P140*负载统计!$K$7/60 -> 0 | AI140: =$K140*Q140*负载统计!$K$8/60 -> 0 | AJ140: =$K140*R140*负载统计!$K$9/60 -> 0 | AK140: =$K140*S140*负载统计!$K$10/60 -> 0 | AL140: =$K140*T140*负载统计!$K$11/60 -> 0
A141: 63 | B141: 3201U4121-28V-控制 | C141: EATA32 起落架系统 | D141: 前起EHM控制器 | E141: 3231E11300G900 | F141: 3201U4121 | G141: =VLOOKUP(A141,负载电气特性!A:G,7,FALSE) -> 28 | H141: 否 | I141: 连续负载 | J141: 工作 | K141: 0.098 | L141: 1 | M141: 1 | N141: 1 | O141: 1 | P141: 1 | Q141: 1 | R141: 1 | S141: 1 | T141: 1 | U141: =_xlfn.LET(_xlpm.maxVal,_xlfn.MAXIFS($K:$K,$A:$A,A141),IF(AND(_xlpm.maxVal=K141,L141<>0),_xlpm.maxVal,"")) -> 0.098 | V141: =_xlfn.LET(_xlpm.maxVal,_xlfn.MAXIFS($K:$K,$A:$A,A141),IF(AND(_xlpm.maxVal=K141,M141<>0),_xlpm.maxVal,"")) -> 0.098 | W141: =_xlfn.LET(_xlpm.maxVal,_xlfn.MAXIFS($K:$K,$A:$A,A141),IF(AND(_xlpm.maxVal=K141,N141<>0),_xlpm.maxVal,"")) -> 0.098 | X141: =_xlfn.LET(_xlpm.maxVal,_xlfn.MAXIFS($K:$K,$A:$A,A141),IF(AND(_xlpm.maxVal=K141,O141<>0),_xlpm.maxVal,"")) -> 0.098 | Y141: =_xlfn.LET(_xlpm.maxVal,_xlfn.MAXIFS($K:$K,$A:$A,A141),IF(AND(_xlpm.maxVal=K141,P141<>0),_xlpm.maxVal,"")) -> 0.098 | Z141: =_xlfn.LET(_xlpm.maxVal,_xlfn.MAXIFS($K:$K,$A:$A,A141),IF(AND(_xlpm.maxVal=K141,Q141<>0),_xlpm.maxVal,"")) -> 0.098 | AA141: =_xlfn.LET(_xlpm.maxVal,_xlfn.MAXIFS($K:$K,$A:$A,A141),IF(AND(_xlpm.maxVal=K141,R141<>0),_xlpm.maxVal,"")) -> 0.098 | AB141: =_xlfn.LET(_xlpm.maxVal,_xlfn.MAXIFS($K:$K,$A:$A,A141),IF(AND(_xlpm.maxVal=K141,S141<>0),_xlpm.maxVal,"")) -> 0.098 | AC141: =_xlfn.LET(_xlpm.maxVal,_xlfn.MAXIFS($K:$K,$A:$A,A141),IF(AND(_xlpm.maxVal=K141,T141<>0),_xlpm.maxVal,"")) -> 0.098 | AD141: =$K141*L141*负载统计!$K$3/60 -> 0 | AE141: =$K141*L141*负载统计!$K$4/60 -> 0 | AF141: =$K141*N141*负载统计!$K$5/60 -> 0.0016333333 | AG141: =$K141*O141*负载统计!$K$6/60 -> 0.0049 | AH141: =$K141*P141*负载统计!$K$7/60 -> 0.011057667 | AI141: =$K141*Q141*负载统计!$K$8/60 -> 0.071213333 | AJ141: =$K141*R141*负载统计!$K$9/60 -> 0.022621667 | AK141: =$K141*S141*负载统计!$K$10/60 -> 0.00081666667 | AL141: =$K141*T141*负载统计!$K$11/60 -> 0.0065333333
A142: 63 | B142: 3201U4121-28V-控制 | C142: EATA32 起落架系统 | D142: 前起EHM控制器 | E142: 3231E11300G900 | F142: 3201U4121 | G142: =VLOOKUP(A142,负载电气特性!A:G,7,FALSE) -> 28 | H142: 否 | I142: 连续负载 | J142: 待机 | K142: 0.008 | L142: 0 | M142: 0 | N142: 0 | O142: 0 | P142: 0 | Q142: 0 | R142: 0 | S142: 0 | T142: 0 | U142: =_xlfn.LET(_xlpm.maxVal,_xlfn.MAXIFS($K:$K,$A:$A,A142),IF(AND(_xlpm.maxVal=K142,L142<>0),_xlpm.maxVal,"")) | V142: =_xlfn.LET(_xlpm.maxVal,_xlfn.MAXIFS($K:$K,$A:$A,A142),IF(AND(_xlpm.maxVal=K142,M142<>0),_xlpm.maxVal,"")) | W142: =_xlfn.LET(_xlpm.maxVal,_xlfn.MAXIFS($K:$K,$A:$A,A142),IF(AND(_xlpm.maxVal=K142,N142<>0),_xlpm.maxVal,"")) | X142: =_xlfn.LET(_xlpm.maxVal,_xlfn.MAXIFS($K:$K,$A:$A,A142),IF(AND(_xlpm.maxVal=K142,O142<>0),_xlpm.maxVal,"")) | Y142: =_xlfn.LET(_xlpm.maxVal,_xlfn.MAXIFS($K:$K,$A:$A,A142),IF(AND(_xlpm.maxVal=K142,P142<>0),_xlpm.maxVal,"")) | Z142: =_xlfn.LET(_xlpm.maxVal,_xlfn.MAXIFS($K:$K,$A:$A,A142),IF(AND(_xlpm.maxVal=K142,Q142<>0),_xlpm.maxVal,"")) | AA142: =_xlfn.LET(_xlpm.maxVal,_xlfn.MAXIFS($K:$K,$A:$A,A142),IF(AND(_xlpm.maxVal=K142,R142<>0),_xlpm.maxVal,"")) | AB142: =_xlfn.LET(_xlpm.maxVal,_xlfn.MAXIFS($K:$K,$A:$A,A142),IF(AND(_xlpm.maxVal=K142,S142<>0),_xlpm.maxVal,"")) | AC142: =_xlfn.LET(_xlpm.maxVal,_xlfn.MAXIFS($K:$K,$A:$A,A142),IF(AND(_xlpm.maxVal=K142,T142<>0),_xlpm.maxVal,"")) | AD142: =$K142*L142*负载统计!$K$3/60 -> 0 | AE142: =$K142*L142*负载统计!$K$4/60 -> 0 | AF142: =$K142*N142*负载统计!$K$5/60 -> 0 | AG142: =$K142*O142*负载统计!$K$6/60 -> 0 | AH142: =$K142*P142*负载统计!$K$7/60 -> 0 | AI142: =$K142*Q142*负载统计!$K$8/60 -> 0 | AJ142: =$K142*R142*负载统计!$K$9/60 -> 0 | AK142: =$K142*S142*负载统计!$K$10/60 -> 0 | AL142: =$K142*T142*负载统计!$K$11/60 -> 0
A143: 63 | B143: 3201U4121-28V-控制 | C143: EATA32 起落架系统 | D143: 前起EHM控制器 | E143: 3231E11300G900 | F143: 3201U4121 | G143: =VLOOKUP(A143,负载电气特性!A:G,7,FALSE) -> 28 | H143: 否 | I143: 连续负载 | J143: 关闭 | K143: 0 | L143: 0 | M143: 0 | N143: 0 | O143: 0 | P143: 0 | Q143: 0 | R143: 0 | S143: 0 | T143: 0 | U143: =_xlfn.LET(_xlpm.maxVal,_xlfn.MAXIFS($K:$K,$A:$A,A143),IF(AND(_xlpm.maxVal=K143,L143<>0),_xlpm.maxVal,"")) | V143: =_xlfn.LET(_xlpm.maxVal,_xlfn.MAXIFS($K:$K,$A:$A,A143),IF(AND(_xlpm.maxVal=K143,M143<>0),_xlpm.maxVal,"")) | W143: =_xlfn.LET(_xlpm.maxVal,_xlfn.MAXIFS($K:$K,$A:$A,A143),IF(AND(_xlpm.maxVal=K143,N143<>0),_xlpm.maxVal,"")) | X143: =_xlfn.LET(_xlpm.maxVal,_xlfn.MAXIFS($K:$K,$A:$A,A143),IF(AND(_xlpm.maxVal=K143,O143<>0),_xlpm.maxVal,"")) | Y143: =_xlfn.LET(_xlpm.maxVal,_xlfn.MAXIFS($K:$K,$A:$A,A143),IF(AND(_xlpm.maxVal=K143,P143<>0),_xlpm.maxVal,"")) | Z143: =_xlfn.LET(_xlpm.maxVal,_xlfn.MAXIFS($K:$K,$A:$A,A143),IF(AND(_xlpm.maxVal=K143,Q143<>0),_xlpm.maxVal,"")) | AA143: =_xlfn.LET(_xlpm.maxVal,_xlfn.MAXIFS($K:$K,$A:$A,A143),IF(AND(_xlpm.maxVal=K143,R143<>0),_xlpm.maxVal,"")) | AB143: =_xlfn.LET(_xlpm.maxVal,_xlfn.MAXIFS($K:$K,$A:$A,A143),IF(AND(_xlpm.maxVal=K143,S143<>0),_xlpm.maxVal,"")) | AC143: =_xlfn.LET(_xlpm.maxVal,_xlfn.MAXIFS($K:$K,$A:$A,A143),IF(AND(_xlpm.maxVal=K143,T143<>0),_xlpm.maxVal,"")) | AD143: =$K143*L143*负载统计!$K$3/60 -> 0 | AE143: =$K143*L143*负载统计!$K$4/60 -> 0 | AF143: =$K143*N143*负载统计!$K$5/60 -> 0 | AG143: =$K143*O143*负载统计!$K$6/60 -> 0 | AH143: =$K143*P143*负载统计!$K$7/60 -> 0 | AI143: =$K143*Q143*负载统计!$K$8/60 -> 0 | AJ143: =$K143*R143*负载统计!$K$9/60 -> 0 | AK143: =$K143*S143*负载统计!$K$10/60 -> 0 | AL143: =$K143*T143*负载统计!$K$11/60 -> 0
A144: 64 | B144: 3201U2505-28V | C144: EATA32 起落架系统 | D144: 刹车控制监视单元 | E144: 3241E04000G900 | F144: 3201U2505 | G144: =VLOOKUP(A144,负载电气特性!A:G,7,FALSE) -> 28 | H144: 否 | I144: 连续负载 | J144: 主动刹车 | K144: 0.04 | L144: 1 | M144: 1 | N144: 1 | O144: 1 | P144: 1 | Q144: 1 | R144: 1 | S144: 1 | T144: 1 | U144: =_xlfn.LET(_xlpm.maxVal,_xlfn.MAXIFS($K:$K,$A:$A,A144),IF(AND(_xlpm.maxVal=K144,L144<>0),_xlpm.maxVal,"")) -> 0.04 | V144: =_xlfn.LET(_xlpm.maxVal,_xlfn.MAXIFS($K:$K,$A:$A,A144),IF(AND(_xlpm.maxVal=K144,M144<>0),_xlpm.maxVal,"")) -> 0.04 | W144: =_xlfn.LET(_xlpm.maxVal,_xlfn.MAXIFS($K:$K,$A:$A,A144),IF(AND(_xlpm.maxVal=K144,N144<>0),_xlpm.maxVal,"")) -> 0.04 | X144: =_xlfn.LET(_xlpm.maxVal,_xlfn.MAXIFS($K:$K,$A:$A,A144),IF(AND(_xlpm.maxVal=K144,O144<>0),_xlpm.maxVal,"")) -> 0.04 | Y144: =_xlfn.LET(_xlpm.maxVal,_xlfn.MAXIFS($K:$K,$A:$A,A144),IF(AND(_xlpm.maxVal=K144,P144<>0),_xlpm.maxVal,"")) -> 0.04 | Z144: =_xlfn.LET(_xlpm.maxVal,_xlfn.MAXIFS($K:$K,$A:$A,A144),IF(AND(_xlpm.maxVal=K144,Q144<>0),_xlpm.maxVal,"")) -> 0.04 | AA144: =_xlfn.LET(_xlpm.maxVal,_xlfn.MAXIFS($K:$K,$A:$A,A144),IF(AND(_xlpm.maxVal=K144,R144<>0),_xlpm.maxVal,"")) -> 0.04 | AB144: =_xlfn.LET(_xlpm.maxVal,_xlfn.MAXIFS($K:$K,$A:$A,A144),IF(AND(_xlpm.maxVal=K144,S144<>0),_xlpm.maxVal,"")) -> 0.04 | AC144: =_xlfn.LET(_xlpm.maxVal,_xlfn.MAXIFS($K:$K,$A:$A,A144),IF(AND(_xlpm.maxVal=K144,T144<>0),_xlpm.maxVal,"")) -> 0.04 | AD144: =$K144*L144*负载统计!$K$3/60 -> 0 | AE144: =$K144*L144*负载统计!$K$4/60 -> 0 | AF144: =$K144*N144*负载统计!$K$5/60 -> 0.00066666667 | AG144: =$K144*O144*负载统计!$K$6/60 -> 0.002 | AH144: =$K144*P144*负载统计!$K$7/60 -> 0.0045133333 | AI144: =$K144*Q144*负载统计!$K$8/60 -> 0.029066667 | AJ144: =$K144*R144*负载统计!$K$9/60 -> 0.0092333333 | AK144: =$K144*S144*负载统计!$K$10/60 -> 0.00033333333 | AL144: =$K144*T144*负载统计!$K$11/60 -> 0.0026666667
A145: 64 | B145: 3201U2505-28V | C145: EATA32 起落架系统 | D145: 刹车控制监视单元 | E145: 3241E04000G900 | F145: 3201U2505 | G145: =VLOOKUP(A145,负载电气特性!A:G,7,FALSE) -> 28 | H145: 否 | I145: 连续负载 | J145: 待机 | K145: 0.0054 | L145: 0 | M145: 0 | N145: 0 | O145: 0 | P145: 0 | Q145: 0 | R145: 0 | S145: 0 | T145: 0 | U145: =_xlfn.LET(_xlpm.maxVal,_xlfn.MAXIFS($K:$K,$A:$A,A145),IF(AND(_xlpm.maxVal=K145,L145<>0),_xlpm.maxVal,"")) | V145: =_xlfn.LET(_xlpm.maxVal,_xlfn.MAXIFS($K:$K,$A:$A,A145),IF(AND(_xlpm.maxVal=K145,M145<>0),_xlpm.maxVal,"")) | W145: =_xlfn.LET(_xlpm.maxVal,_xlfn.MAXIFS($K:$K,$A:$A,A145),IF(AND(_xlpm.maxVal=K145,N145<>0),_xlpm.maxVal,"")) | X145: =_xlfn.LET(_xlpm.maxVal,_xlfn.MAXIFS($K:$K,$A:$A,A145),IF(AND(_xlpm.maxVal=K145,O145<>0),_xlpm.maxVal,"")) | Y145: =_xlfn.LET(_xlpm.maxVal,_xlfn.MAXIFS($K:$K,$A:$A,A145),IF(AND(_xlpm.maxVal=K145,P145<>0),_xlpm.maxVal,"")) | Z145: =_xlfn.LET(_xlpm.maxVal,_xlfn.MAXIFS($K:$K,$A:$A,A145),IF(AND(_xlpm.maxVal=K145,Q145<>0),_xlpm.maxVal,"")) | AA145: =_xlfn.LET(_xlpm.maxVal,_xlfn.MAXIFS($K:$K,$A:$A,A145),IF(AND(_xlpm.maxVal=K145,R145<>0),_xlpm.maxVal,"")) | AB145: =_xlfn.LET(_xlpm.maxVal,_xlfn.MAXIFS($K:$K,$A:$A,A145),IF(AND(_xlpm.maxVal=K145,S145<>0),_xlpm.maxVal,"")) | AC145: =_xlfn.LET(_xlpm.maxVal,_xlfn.MAXIFS($K:$K,$A:$A,A145),IF(AND(_xlpm.maxVal=K145,T145<>0),_xlpm.maxVal,"")) | AD145: =$K145*L145*负载统计!$K$3/60 -> 0 | AE145: =$K145*L145*负载统计!$K$4/60 -> 0 | AF145: =$K145*N145*负载统计!$K$5/60 -> 0 | AG145: =$K145*O145*负载统计!$K$6/60 -> 0 | AH145: =$K145*P145*负载统计!$K$7/60 -> 0 | AI145: =$K145*Q145*负载统计!$K$8/60 -> 0 | AJ145: =$K145*R145*负载统计!$K$9/60 -> 0 | AK145: =$K145*S145*负载统计!$K$10/60 -> 0 | AL145: =$K145*T145*负载统计!$K$11/60 -> 0
A146: 64 | B146: 3201U2505-28V | C146: EATA32 起落架系统 | D146: 刹车控制监视单元 | E146: 3241E04000G900 | F146: 3201U2505 | G146: =VLOOKUP(A146,负载电气特性!A:G,7,FALSE) -> 28 | H146: 否 | I146: 连续负载 | J146: 停留刹车 | K146: 0 | L146: 0 | M146: 0 | N146: 0 | O146: 0 | P146: 0 | Q146: 0 | R146: 0 | S146: 0 | T146: 0 | U146: =_xlfn.LET(_xlpm.maxVal,_xlfn.MAXIFS($K:$K,$A:$A,A146),IF(AND(_xlpm.maxVal=K146,L146<>0),_xlpm.maxVal,"")) | V146: =_xlfn.LET(_xlpm.maxVal,_xlfn.MAXIFS($K:$K,$A:$A,A146),IF(AND(_xlpm.maxVal=K146,M146<>0),_xlpm.maxVal,"")) | W146: =_xlfn.LET(_xlpm.maxVal,_xlfn.MAXIFS($K:$K,$A:$A,A146),IF(AND(_xlpm.maxVal=K146,N146<>0),_xlpm.maxVal,"")) | X146: =_xlfn.LET(_xlpm.maxVal,_xlfn.MAXIFS($K:$K,$A:$A,A146),IF(AND(_xlpm.maxVal=K146,O146<>0),_xlpm.maxVal,"")) | Y146: =_xlfn.LET(_xlpm.maxVal,_xlfn.MAXIFS($K:$K,$A:$A,A146),IF(AND(_xlpm.maxVal=K146,P146<>0),_xlpm.maxVal,"")) | Z146: =_xlfn.LET(_xlpm.maxVal,_xlfn.MAXIFS($K:$K,$A:$A,A146),IF(AND(_xlpm.maxVal=K146,Q146<>0),_xlpm.maxVal,"")) | AA146: =_xlfn.LET(_xlpm.maxVal,_xlfn.MAXIFS($K:$K,$A:$A,A146),IF(AND(_xlpm.maxVal=K146,R146<>0),_xlpm.maxVal,"")) | AB146: =_xlfn.LET(_xlpm.maxVal,_xlfn.MAXIFS($K:$K,$A:$A,A146),IF(AND(_xlpm.maxVal=K146,S146<>0),_xlpm.maxVal,"")) | AC146: =_xlfn.LET(_xlpm.maxVal,_xlfn.MAXIFS($K:$K,$A:$A,A146),IF(AND(_xlpm.maxVal=K146,T146<>0),_xlpm.maxVal,"")) | AD146: =$K146*L146*负载统计!$K$3/60 -> 0 | AE146: =$K146*L146*负载统计!$K$4/60 -> 0 | AF146: =$K146*N146*负载统计!$K$5/60 -> 0 | AG146: =$K146*O146*负载统计!$K$6/60 -> 0 | AH146: =$K146*P146*负载统计!$K$7/60 -> 0 | AI146: =$K146*Q146*负载统计!$K$8/60 -> 0 | AJ146: =$K146*R146*负载统计!$K$9/60 -> 0 | AK146: =$K146*S146*负载统计!$K$10/60 -> 0 | AL146: =$K146*T146*负载统计!$K$11/60 -> 0
A147: 65 | B147: 3201U3605-28V | C147: EATA32 起落架系统 | D147: 备份刹车控制单元 | E147: 3241E05000G900 | F147: 3201U3605 | G147: =VLOOKUP(A147,负载电气特性!A:G,7,FALSE) -> 28 | H147: 否 | I147: 连续负载 | J147: 主动刹车 | K147: 0.022 | L147: 1 | M147: 1 | N147: 1 | O147: 1 | P147: 1 | Q147: 1 | R147: 1 | S147: 1 | T147: 1 | U147: =_xlfn.LET(_xlpm.maxVal,_xlfn.MAXIFS($K:$K,$A:$A,A147),IF(AND(_xlpm.maxVal=K147,L147<>0),_xlpm.maxVal,"")) -> 0.022 | V147: =_xlfn.LET(_xlpm.maxVal,_xlfn.MAXIFS($K:$K,$A:$A,A147),IF(AND(_xlpm.maxVal=K147,M147<>0),_xlpm.maxVal,"")) -> 0.022 | W147: =_xlfn.LET(_xlpm.maxVal,_xlfn.MAXIFS($K:$K,$A:$A,A147),IF(AND(_xlpm.maxVal=K147,N147<>0),_xlpm.maxVal,"")) -> 0.022 | X147: =_xlfn.LET(_xlpm.maxVal,_xlfn.MAXIFS($K:$K,$A:$A,A147),IF(AND(_xlpm.maxVal=K147,O147<>0),_xlpm.maxVal,"")) -> 0.022 | Y147: =_xlfn.LET(_xlpm.maxVal,_xlfn.MAXIFS($K:$K,$A:$A,A147),IF(AND(_xlpm.maxVal=K147,P147<>0),_xlpm.maxVal,"")) -> 0.022 | Z147: =_xlfn.LET(_xlpm.maxVal,_xlfn.MAXIFS($K:$K,$A:$A,A147),IF(AND(_xlpm.maxVal=K147,Q147<>0),_xlpm.maxVal,"")) -> 0.022 | AA147: =_xlfn.LET(_xlpm.maxVal,_xlfn.MAXIFS($K:$K,$A:$A,A147),IF(AND(_xlpm.maxVal=K147,R147<>0),_xlpm.maxVal,"")) -> 0.022 | AB147: =_xlfn.LET(_xlpm.maxVal,_xlfn.MAXIFS($K:$K,$A:$A,A147),IF(AND(_xlpm.maxVal=K147,S147<>0),_xlpm.maxVal,"")) -> 0.022 | AC147: =_xlfn.LET(_xlpm.maxVal,_xlfn.MAXIFS($K:$K,$A:$A,A147),IF(AND(_xlpm.maxVal=K147,T147<>0),_xlpm.maxVal,"")) -> 0.022 | AD147: =$K147*L147*负载统计!$K$3/60 -> 0 | AE147: =$K147*L147*负载统计!$K$4/60 -> 0 | AF147: =$K147*N147*负载统计!$K$5/60 -> 0.00036666667 | AG147: =$K147*O147*负载统计!$K$6/60 -> 0.0011 | AH147: =$K147*P147*负载统计!$K$7/60 -> 0.0024823333 | AI147: =$K147*Q147*负载统计!$K$8/60 -> 0.015986667 | AJ147: =$K147*R147*负载统计!$K$9/60 -> 0.0050783333 | AK147: =$K147*S147*负载统计!$K$10/60 -> 0.00018333333 | AL147: =$K147*T147*负载统计!$K$11/60 -> 0.0014666667
A148: 65 | B148: 3201U3605-28V | C148: EATA32 起落架系统 | D148: 备份刹车控制单元 | E148: 3241E05000G900 | F148: 3201U3605 | G148: =VLOOKUP(A148,负载电气特性!A:G,7,FALSE) -> 28 | H148: 否 | I148: 连续负载 | J148: 待机 | K148: 0.0044 | L148: 0 | M148: 0 | N148: 0 | O148: 0 | P148: 0 | Q148: 0 | R148: 0 | S148: 0 | T148: 0 | U148: =_xlfn.LET(_xlpm.maxVal,_xlfn.MAXIFS($K:$K,$A:$A,A148),IF(AND(_xlpm.maxVal=K148,L148<>0),_xlpm.maxVal,"")) | V148: =_xlfn.LET(_xlpm.maxVal,_xlfn.MAXIFS($K:$K,$A:$A,A148),IF(AND(_xlpm.maxVal=K148,M148<>0),_xlpm.maxVal,"")) | W148: =_xlfn.LET(_xlpm.maxVal,_xlfn.MAXIFS($K:$K,$A:$A,A148),IF(AND(_xlpm.maxVal=K148,N148<>0),_xlpm.maxVal,"")) | X148: =_xlfn.LET(_xlpm.maxVal,_xlfn.MAXIFS($K:$K,$A:$A,A148),IF(AND(_xlpm.maxVal=K148,O148<>0),_xlpm.maxVal,"")) | Y148: =_xlfn.LET(_xlpm.maxVal,_xlfn.MAXIFS($K:$K,$A:$A,A148),IF(AND(_xlpm.maxVal=K148,P148<>0),_xlpm.maxVal,"")) | Z148: =_xlfn.LET(_xlpm.maxVal,_xlfn.MAXIFS($K:$K,$A:$A,A148),IF(AND(_xlpm.maxVal=K148,Q148<>0),_xlpm.maxVal,"")) | AA148: =_xlfn.LET(_xlpm.maxVal,_xlfn.MAXIFS($K:$K,$A:$A,A148),IF(AND(_xlpm.maxVal=K148,R148<>0),_xlpm.maxVal,"")) | AB148: =_xlfn.LET(_xlpm.maxVal,_xlfn.MAXIFS($K:$K,$A:$A,A148),IF(AND(_xlpm.maxVal=K148,S148<>0),_xlpm.maxVal,"")) | AC148: =_xlfn.LET(_xlpm.maxVal,_xlfn.MAXIFS($K:$K,$A:$A,A148),IF(AND(_xlpm.maxVal=K148,T148<>0),_xlpm.maxVal,"")) | AD148: =$K148*L148*负载统计!$K$3/60 -> 0 | AE148: =$K148*L148*负载统计!$K$4/60 -> 0 | AF148: =$K148*N148*负载统计!$K$5/60 -> 0 | AG148: =$K148*O148*负载统计!$K$6/60 -> 0 | AH148: =$K148*P148*负载统计!$K$7/60 -> 0 | AI148: =$K148*Q148*负载统计!$K$8/60 -> 0 | AJ148: =$K148*R148*负载统计!$K$9/60 -> 0 | AK148: =$K148*S148*负载统计!$K$10/60 -> 0 | AL148: =$K148*T148*负载统计!$K$11/60 -> 0
A149: 65 | B149: 3201U3605-28V | C149: EATA32 起落架系统 | D149: 备份刹车控制单元 | E149: 3241E05000G900 | F149: 3201U3605 | G149: =VLOOKUP(A149,负载电气特性!A:G,7,FALSE) -> 28 | H149: 否 | I149: 连续负载 | J149: 停留刹车 | K149: 0 | L149: 0 | M149: 0 | N149: 0 | O149: 0 | P149: 0 | Q149: 0 | R149: 0 | S149: 0 | T149: 0 | U149: =_xlfn.LET(_xlpm.maxVal,_xlfn.MAXIFS($K:$K,$A:$A,A149),IF(AND(_xlpm.maxVal=K149,L149<>0),_xlpm.maxVal,"")) | V149: =_xlfn.LET(_xlpm.maxVal,_xlfn.MAXIFS($K:$K,$A:$A,A149),IF(AND(_xlpm.maxVal=K149,M149<>0),_xlpm.maxVal,"")) | W149: =_xlfn.LET(_xlpm.maxVal,_xlfn.MAXIFS($K:$K,$A:$A,A149),IF(AND(_xlpm.maxVal=K149,N149<>0),_xlpm.maxVal,"")) | X149: =_xlfn.LET(_xlpm.maxVal,_xlfn.MAXIFS($K:$K,$A:$A,A149),IF(AND(_xlpm.maxVal=K149,O149<>0),_xlpm.maxVal,"")) | Y149: =_xlfn.LET(_xlpm.maxVal,_xlfn.MAXIFS($K:$K,$A:$A,A149),IF(AND(_xlpm.maxVal=K149,P149<>0),_xlpm.maxVal,"")) | Z149: =_xlfn.LET(_xlpm.maxVal,_xlfn.MAXIFS($K:$K,$A:$A,A149),IF(AND(_xlpm.maxVal=K149,Q149<>0),_xlpm.maxVal,"")) | AA149: =_xlfn.LET(_xlpm.maxVal,_xlfn.MAXIFS($K:$K,$A:$A,A149),IF(AND(_xlpm.maxVal=K149,R149<>0),_xlpm.maxVal,"")) | AB149: =_xlfn.LET(_xlpm.maxVal,_xlfn.MAXIFS($K:$K,$A:$A,A149),IF(AND(_xlpm.maxVal=K149,S149<>0),_xlpm.maxVal,"")) | AC149: =_xlfn.LET(_xlpm.maxVal,_xlfn.MAXIFS($K:$K,$A:$A,A149),IF(AND(_xlpm.maxVal=K149,T149<>0),_xlpm.maxVal,"")) | AD149: =$K149*L149*负载统计!$K$3/60 -> 0 | AE149: =$K149*L149*负载统计!$K$4/60 -> 0 | AF149: =$K149*N149*负载统计!$K$5/60 -> 0 | AG149: =$K149*O149*负载统计!$K$6/60 -> 0 | AH149: =$K149*P149*负载统计!$K$7/60 -> 0 | AI149: =$K149*Q149*负载统计!$K$8/60 -> 0 | AJ149: =$K149*R149*负载统计!$K$9/60 -> 0 | AK149: =$K149*S149*负载统计!$K$10/60 -> 0 | AL149: =$K149*T149*负载统计!$K$11/60 -> 0
A150: 66 | B150: 3204U6101-270V-功率 | C150: EATA32 起落架系统 | D150: 外侧EMA控制器1 | E150: 3241E06000G900 | F150: 3204U6101 | G150: =VLOOKUP(A150,负载电气特性!A:G,7,FALSE) -> 270 | H150: 否 | I150: 脉冲负载 | J150: 工作 | K150: 1.2 | L150: 0 | M150: 0 | N150: 0 | O150: 0.2 | P150: 0 | Q150: 0 | R150: 0 | S150: 0.5 | T150: 0.2 | U150: =_xlfn.LET(_xlpm.maxVal,_xlfn.MAXIFS($K:$K,$A:$A,A150),IF(AND(_xlpm.maxVal=K150,L150<>0),_xlpm.maxVal,"")) | V150: =_xlfn.LET(_xlpm.maxVal,_xlfn.MAXIFS($K:$K,$A:$A,A150),IF(AND(_xlpm.maxVal=K150,M150<>0),_xlpm.maxVal,"")) | W150: =_xlfn.LET(_xlpm.maxVal,_xlfn.MAXIFS($K:$K,$A:$A,A150),IF(AND(_xlpm.maxVal=K150,N150<>0),_xlpm.maxVal,"")) | X150: =_xlfn.LET(_xlpm.maxVal,_xlfn.MAXIFS($K:$K,$A:$A,A150),IF(AND(_xlpm.maxVal=K150,O150<>0),_xlpm.maxVal,"")) -> 1.2 | Y150: =_xlfn.LET(_xlpm.maxVal,_xlfn.MAXIFS($K:$K,$A:$A,A150),IF(AND(_xlpm.maxVal=K150,P150<>0),_xlpm.maxVal,"")) | Z150: =_xlfn.LET(_xlpm.maxVal,_xlfn.MAXIFS($K:$K,$A:$A,A150),IF(AND(_xlpm.maxVal=K150,Q150<>0),_xlpm.maxVal,"")) | AA150: =_xlfn.LET(_xlpm.maxVal,_xlfn.MAXIFS($K:$K,$A:$A,A150),IF(AND(_xlpm.maxVal=K150,R150<>0),_xlpm.maxVal,"")) | AB150: =_xlfn.LET(_xlpm.maxVal,_xlfn.MAXIFS($K:$K,$A:$A,A150),IF(AND(_xlpm.maxVal=K150,S150<>0),_xlpm.maxVal,"")) -> 1.2 | AC150: =_xlfn.LET(_xlpm.maxVal,_xlfn.MAXIFS($K:$K,$A:$A,A150),IF(AND(_xlpm.maxVal=K150,T150<>0),_xlpm.maxVal,"")) -> 1.2 | AD150: =$K150*L150*负载统计!$K$3/60 -> 0 | AE150: =$K150*L150*负载统计!$K$4/60 -> 0 | AF150: =$K150*N150*负载统计!$K$5/60 -> 0 | AG150: =$K150*O150*负载统计!$K$6/60 -> 0.012 | AH150: =$K150*P150*负载统计!$K$7/60 -> 0 | AI150: =$K150*Q150*负载统计!$K$8/60 -> 0 | AJ150: =$K150*R150*负载统计!$K$9/60 -> 0 | AK150: =$K150*S150*负载统计!$K$10/60 -> 0.005 | AL150: =$K150*T150*负载统计!$K$11/60 -> 0.016
A151: 66 | B151: 3204U6101-270V-功率 | C151: EATA32 起落架系统 | D151: 外侧EMA控制器1 | E151: 3241E06000G900 | F151: 3204U6101 | G151: =VLOOKUP(A151,负载电气特性!A:G,7,FALSE) -> 270 | H151: 否 | I151: 脉冲负载 | J151: 关闭 | K151: 0 | L151: 1 | M151: 1 | N151: 1 | O151: 0.8 | P151: 1 | Q151: 1 | R151: 1 | S151: 0.5 | T151: 0.8 | U151: =_xlfn.LET(_xlpm.maxVal,_xlfn.MAXIFS($K:$K,$A:$A,A151),IF(AND(_xlpm.maxVal=K151,L151<>0),_xlpm.maxVal,"")) | V151: =_xlfn.LET(_xlpm.maxVal,_xlfn.MAXIFS($K:$K,$A:$A,A151),IF(AND(_xlpm.maxVal=K151,M151<>0),_xlpm.maxVal,"")) | W151: =_xlfn.LET(_xlpm.maxVal,_xlfn.MAXIFS($K:$K,$A:$A,A151),IF(AND(_xlpm.maxVal=K151,N151<>0),_xlpm.maxVal,"")) | X151: =_xlfn.LET(_xlpm.maxVal,_xlfn.MAXIFS($K:$K,$A:$A,A151),IF(AND(_xlpm.maxVal=K151,O151<>0),_xlpm.maxVal,"")) | Y151: =_xlfn.LET(_xlpm.maxVal,_xlfn.MAXIFS($K:$K,$A:$A,A151),IF(AND(_xlpm.maxVal=K151,P151<>0),_xlpm.maxVal,"")) | Z151: =_xlfn.LET(_xlpm.maxVal,_xlfn.MAXIFS($K:$K,$A:$A,A151),IF(AND(_xlpm.maxVal=K151,Q151<>0),_xlpm.maxVal,"")) | AA151: =_xlfn.LET(_xlpm.maxVal,_xlfn.MAXIFS($K:$K,$A:$A,A151),IF(AND(_xlpm.maxVal=K151,R151<>0),_xlpm.maxVal,"")) | AB151: =_xlfn.LET(_xlpm.maxVal,_xlfn.MAXIFS($K:$K,$A:$A,A151),IF(AND(_xlpm.maxVal=K151,S151<>0),_xlpm.maxVal,"")) | AC151: =_xlfn.LET(_xlpm.maxVal,_xlfn.MAXIFS($K:$K,$A:$A,A151),IF(AND(_xlpm.maxVal=K151,T151<>0),_xlpm.maxVal,"")) | AD151: =$K151*L151*负载统计!$K$3/60 -> 0 | AE151: =$K151*L151*负载统计!$K$4/60 -> 0 | AF151: =$K151*N151*负载统计!$K$5/60 -> 0 | AG151: =$K151*O151*负载统计!$K$6/60 -> 0 | AH151: =$K151*P151*负载统计!$K$7/60 -> 0 | AI151: =$K151*Q151*负载统计!$K$8/60 -> 0 | AJ151: =$K151*R151*负载统计!$K$9/60 -> 0 | AK151: =$K151*S151*负载统计!$K$10/60 -> 0 | AL151: =$K151*T151*负载统计!$K$11/60 -> 0
A152: 67 | B152: 3204U6101-28V-控制 | C152: EATA32 起落架系统 | D152: 外侧EMA控制器1 | E152: 3241E06000G900 | F152: 3204U6101 | G152: =VLOOKUP(A152,负载电气特性!A:G,7,FALSE) -> 28 | H152: 否 | I152: 连续负载 | J152: 工作 | K152: 0.042 | L152: 1 | M152: 1 | N152: 1 | O152: 1 | P152: 1 | Q152: 1 | R152: 1 | S152: 1 | T152: 1 | U152: =_xlfn.LET(_xlpm.maxVal,_xlfn.MAXIFS($K:$K,$A:$A,A152),IF(AND(_xlpm.maxVal=K152,L152<>0),_xlpm.maxVal,"")) -> 0.042 | V152: =_xlfn.LET(_xlpm.maxVal,_xlfn.MAXIFS($K:$K,$A:$A,A152),IF(AND(_xlpm.maxVal=K152,M152<>0),_xlpm.maxVal,"")) -> 0.042 | W152: =_xlfn.LET(_xlpm.maxVal,_xlfn.MAXIFS($K:$K,$A:$A,A152),IF(AND(_xlpm.maxVal=K152,N152<>0),_xlpm.maxVal,"")) -> 0.042 | X152: =_xlfn.LET(_xlpm.maxVal,_xlfn.MAXIFS($K:$K,$A:$A,A152),IF(AND(_xlpm.maxVal=K152,O152<>0),_xlpm.maxVal,"")) -> 0.042 | Y152: =_xlfn.LET(_xlpm.maxVal,_xlfn.MAXIFS($K:$K,$A:$A,A152),IF(AND(_xlpm.maxVal=K152,P152<>0),_xlpm.maxVal,"")) -> 0.042 | Z152: =_xlfn.LET(_xlpm.maxVal,_xlfn.MAXIFS($K:$K,$A:$A,A152),IF(AND(_xlpm.maxVal=K152,Q152<>0),_xlpm.maxVal,"")) -> 0.042 | AA152: =_xlfn.LET(_xlpm.maxVal,_xlfn.MAXIFS($K:$K,$A:$A,A152),IF(AND(_xlpm.maxVal=K152,R152<>0),_xlpm.maxVal,"")) -> 0.042 | AB152: =_xlfn.LET(_xlpm.maxVal,_xlfn.MAXIFS($K:$K,$A:$A,A152),IF(AND(_xlpm.maxVal=K152,S152<>0),_xlpm.maxVal,"")) -> 0.042 | AC152: =_xlfn.LET(_xlpm.maxVal,_xlfn.MAXIFS($K:$K,$A:$A,A152),IF(AND(_xlpm.maxVal=K152,T152<>0),_xlpm.maxVal,"")) -> 0.042 | AD152: =$K152*L152*负载统计!$K$3/60 -> 0 | AE152: =$K152*L152*负载统计!$K$4/60 -> 0 | AF152: =$K152*N152*负载统计!$K$5/60 -> 0.0007 | AG152: =$K152*O152*负载统计!$K$6/60 -> 0.0021 | AH152: =$K152*P152*负载统计!$K$7/60 -> 0.004739 | AI152: =$K152*Q152*负载统计!$K$8/60 -> 0.03052 | AJ152: =$K152*R152*负载统计!$K$9/60 -> 0.009695 | AK152: =$K152*S152*负载统计!$K$10/60 -> 0.00035 | AL152: =$K152*T152*负载统计!$K$11/60 -> 0.0028
... A345: 159 | B345: 8610M7105-28V-控制 | C345: EATA86 电推进系统 | D345: 电驱系统1 | E345: 8611E01001G900 | F345: 8610M7105 | G345: =VLOOKUP(A345,负载电气特性!A:G,7,FALSE) -> 28 | H345: 否 | I345: 连续负载 | J345: 关闭 | K345: 0 | L345: 0 | M345: 0 | N345: 0 | O345: 0 | P345: 0 | Q345: 0 | R345: 0 | S345: 0 | T345: 0 | U345: =_xlfn.LET(_xlpm.maxVal,_xlfn.MAXIFS($K:$K,$A:$A,A345),IF(AND(_xlpm.maxVal=K345,L345<>0),_xlpm.maxVal,"")) | V345: =_xlfn.LET(_xlpm.maxVal,_xlfn.MAXIFS($K:$K,$A:$A,A345),IF(AND(_xlpm.maxVal=K345,M345<>0),_xlpm.maxVal,"")) | W345: =_xlfn.LET(_xlpm.maxVal,_xlfn.MAXIFS($K:$K,$A:$A,A345),IF(AND(_xlpm.maxVal=K345,N345<>0),_xlpm.maxVal,"")) | X345: =_xlfn.LET(_xlpm.maxVal,_xlfn.MAXIFS($K:$K,$A:$A,A345),IF(AND(_xlpm.maxVal=K345,O345<>0),_xlpm.maxVal,"")) | Y345: =_xlfn.LET(_xlpm.maxVal,_xlfn.MAXIFS($K:$K,$A:$A,A345),IF(AND(_xlpm.maxVal=K345,P345<>0),_xlpm.maxVal,"")) | Z345: =_xlfn.LET(_xlpm.maxVal,_xlfn.MAXIFS($K:$K,$A:$A,A345),IF(AND(_xlpm.maxVal=K345,Q345<>0),_xlpm.maxVal,"")) | AA345: =_xlfn.LET(_xlpm.maxVal,_xlfn.MAXIFS($K:$K,$A:$A,A345),IF(AND(_xlpm.maxVal=K345,R345<>0),_xlpm.maxVal,"")) | AB345: =_xlfn.LET(_xlpm.maxVal,_xlfn.MAXIFS($K:$K,$A:$A,A345),IF(AND(_xlpm.maxVal=K345,S345<>0),_xlpm.maxVal,"")) | AC345: =_xlfn.LET(_xlpm.maxVal,_xlfn.MAXIFS($K:$K,$A:$A,A345),IF(AND(_xlpm.maxVal=K345,T345<>0),_xlpm.maxVal,"")) | AD345: =$K345*L345*负载统计!$K$3/60 -> 0 | AE345: =$K345*L345*负载统计!$K$4/60 -> 0 | AF345: =$K345*N345*负载统计!$K$5/60 -> 0 | AG345: =$K345*O345*负载统计!$K$6/60 -> 0 | AH345: =$K345*P345*负载统计!$K$7/60 -> 0 | AI345: =$K345*Q345*负载统计!$K$8/60 -> 0 | AJ345: =$K345*R345*负载统计!$K$9/60 -> 0 | AK345: =$K345*S345*负载统计!$K$10/60 -> 0 | AL345: =$K345*T345*负载统计!$K$11/60 -> 0
A346: 160 | B346: 8610M7105-800V-功率 | C346: EATA86 电推进系统 | D346: 电驱系统1 | E346: 8611E01001G900 | F346: 8610M7105 | G346: =VLOOKUP(A346,负载电气特性!A:G,7,FALSE) -> 800 | H346: 否 | I346: 连续负载 | J346: 工作 | K346: 200 | L346: 0 | M346: 0 | N346: 0 | O346: 0.29 | P346: 1 | Q346: 0.36 | R346: 0.086 | S346: 0.03 | T346: 0 | U346: =_xlfn.LET(_xlpm.maxVal,_xlfn.MAXIFS($K:$K,$A:$A,A346),IF(AND(_xlpm.maxVal=K346,L346<>0),_xlpm.maxVal,"")) | V346: =_xlfn.LET(_xlpm.maxVal,_xlfn.MAXIFS($K:$K,$A:$A,A346),IF(AND(_xlpm.maxVal=K346,M346<>0),_xlpm.maxVal,"")) | W346: =_xlfn.LET(_xlpm.maxVal,_xlfn.MAXIFS($K:$K,$A:$A,A346),IF(AND(_xlpm.maxVal=K346,N346<>0),_xlpm.maxVal,"")) | AD346: =$K346*L346*负载统计!$K$3/60 -> 0 | AE346: =$K346*L346*负载统计!$K$4/60 -> 0 | AF346: =$K346*N346*负载统计!$K$5/60 -> 0 | AG346: 0 | AH346: 0 | AI346: 0 | AJ346: 0 | AK346: 0 | AL346: 0
A347: 160 | B347: 8610M7105-800V-功率 | C347: EATA86 电推进系统 | D347: 电驱系统1 | E347: 8611E01001G900 | F347: 8610M7105 | G347: =VLOOKUP(A347,负载电气特性!A:G,7,FALSE) -> 800 | H347: 否 | I347: 连续负载 | J347: 关闭 | K347: 0 | L347: 1 | M347: 1 | N347: 1 | O347: 0.7 | P347: 0 | Q347: 0.6 | R347: 0 | S347: 1 | T347: 1 | U347: =_xlfn.LET(_xlpm.maxVal,_xlfn.MAXIFS($K:$K,$A:$A,A347),IF(AND(_xlpm.maxVal=K347,L347<>0),_xlpm.maxVal,"")) | V347: =_xlfn.LET(_xlpm.maxVal,_xlfn.MAXIFS($K:$K,$A:$A,A347),IF(AND(_xlpm.maxVal=K347,M347<>0),_xlpm.maxVal,"")) | W347: =_xlfn.LET(_xlpm.maxVal,_xlfn.MAXIFS($K:$K,$A:$A,A347),IF(AND(_xlpm.maxVal=K347,N347<>0),_xlpm.maxVal,"")) | X347: =_xlfn.LET(_xlpm.maxVal,_xlfn.MAXIFS($K:$K,$A:$A,A347),IF(AND(_xlpm.maxVal=K347,O347<>0),_xlpm.maxVal,"")) | Y347: =_xlfn.LET(_xlpm.maxVal,_xlfn.MAXIFS($K:$K,$A:$A,A347),IF(AND(_xlpm.maxVal=K347,P347<>0),_xlpm.maxVal,"")) | Z347: =_xlfn.LET(_xlpm.maxVal,_xlfn.MAXIFS($K:$K,$A:$A,A347),IF(AND(_xlpm.maxVal=K347,Q347<>0),_xlpm.maxVal,"")) | AA347: =_xlfn.LET(_xlpm.maxVal,_xlfn.MAXIFS($K:$K,$A:$A,A347),IF(AND(_xlpm.maxVal=K347,R347<>0),_xlpm.maxVal,"")) | AB347: =_xlfn.LET(_xlpm.maxVal,_xlfn.MAXIFS($K:$K,$A:$A,A347),IF(AND(_xlpm.maxVal=K347,S347<>0),_xlpm.maxVal,"")) | AC347: =_xlfn.LET(_xlpm.maxVal,_xlfn.MAXIFS($K:$K,$A:$A,A347),IF(AND(_xlpm.maxVal=K347,T347<>0),_xlpm.maxVal,"")) | AD347: =$K347*L347*负载统计!$K$3/60 -> 0 | AE347: =$K347*L347*负载统计!$K$4/60 -> 0 | AF347: =$K347*N347*负载统计!$K$5/60 -> 0 | AG347: 0 | AH347: 0 | AI347: 0 | AJ347: 0 | AK347: 0 | AL347: 0
A348: 161 | B348: 8610M7205-28V-控制 | C348: EATA86 电推进系统 | D348: 电驱系统2 | E348: 8611E01001G900 | F348: 8610M7205 | G348: =VLOOKUP(A348,负载电气特性!A:G,7,FALSE) -> 28 | H348: 否 | I348: 连续负载 | J348: 工作 | K348: 0.02 | L348: 1 | M348: 1 | N348: 1 | O348: 1 | P348: 1 | Q348: 1 | R348: 1 | S348: 1 | T348: 1 | U348: =_xlfn.LET(_xlpm.maxVal,_xlfn.MAXIFS($K:$K,$A:$A,A348),IF(AND(_xlpm.maxVal=K348,L348<>0),_xlpm.maxVal,"")) -> 0.02 | V348: =_xlfn.LET(_xlpm.maxVal,_xlfn.MAXIFS($K:$K,$A:$A,A348),IF(AND(_xlpm.maxVal=K348,M348<>0),_xlpm.maxVal,"")) -> 0.02 | W348: =_xlfn.LET(_xlpm.maxVal,_xlfn.MAXIFS($K:$K,$A:$A,A348),IF(AND(_xlpm.maxVal=K348,N348<>0),_xlpm.maxVal,"")) -> 0.02 | X348: =_xlfn.LET(_xlpm.maxVal,_xlfn.MAXIFS($K:$K,$A:$A,A348),IF(AND(_xlpm.maxVal=K348,O348<>0),_xlpm.maxVal,"")) -> 0.02 | Y348: =_xlfn.LET(_xlpm.maxVal,_xlfn.MAXIFS($K:$K,$A:$A,A348),IF(AND(_xlpm.maxVal=K348,P348<>0),_xlpm.maxVal,"")) -> 0.02 | Z348: =_xlfn.LET(_xlpm.maxVal,_xlfn.MAXIFS($K:$K,$A:$A,A348),IF(AND(_xlpm.maxVal=K348,Q348<>0),_xlpm.maxVal,"")) -> 0.02 | AA348: =_xlfn.LET(_xlpm.maxVal,_xlfn.MAXIFS($K:$K,$A:$A,A348),IF(AND(_xlpm.maxVal=K348,R348<>0),_xlpm.maxVal,"")) -> 0.02 | AB348: =_xlfn.LET(_xlpm.maxVal,_xlfn.MAXIFS($K:$K,$A:$A,A348),IF(AND(_xlpm.maxVal=K348,S348<>0),_xlpm.maxVal,"")) -> 0.02 | AC348: =_xlfn.LET(_xlpm.maxVal,_xlfn.MAXIFS($K:$K,$A:$A,A348),IF(AND(_xlpm.maxVal=K348,T348<>0),_xlpm.maxVal,"")) -> 0.02 | AD348: =$K348*L348*负载统计!$K$3/60 -> 0 | AE348: =$K348*L348*负载统计!$K$4/60 -> 0 | AF348: =$K348*N348*负载统计!$K$5/60 -> 0.00033333333 | AG348: =$K348*O348*负载统计!$K$6/60 -> 0.001 | AH348: =$K348*P348*负载统计!$K$7/60 -> 0.0022566667 | AI348: =$K348*Q348*负载统计!$K$8/60 -> 0.014533333 | AJ348: =$K348*R348*负载统计!$K$9/60 -> 0.0046166667 | AK348: =$K348*S348*负载统计!$K$10/60 -> 0.00016666667 | AL348: =$K348*T348*负载统计!$K$11/60 -> 0.0013333333
A349: 161 | B349: 8610M7205-28V-控制 | C349: EATA86 电推进系统 | D349: 电驱系统2 | E349: 8611E01001G900 | F349: 8610M7205 | G349: =VLOOKUP(A349,负载电气特性!A:G,7,FALSE) -> 28 | H349: 否 | I349: 连续负载 | J349: 关闭 | K349: 0 | L349: 0 | M349: 0 | N349: 0 | O349: 0 | P349: 0 | Q349: 0 | R349: 0 | S349: 0 | T349: 0 | U349: =_xlfn.LET(_xlpm.maxVal,_xlfn.MAXIFS($K:$K,$A:$A,A349),IF(AND(_xlpm.maxVal=K349,L349<>0),_xlpm.maxVal,"")) | V349: =_xlfn.LET(_xlpm.maxVal,_xlfn.MAXIFS($K:$K,$A:$A,A349),IF(AND(_xlpm.maxVal=K349,M349<>0),_xlpm.maxVal,"")) | W349: =_xlfn.LET(_xlpm.maxVal,_xlfn.MAXIFS($K:$K,$A:$A,A349),IF(AND(_xlpm.maxVal=K349,N349<>0),_xlpm.maxVal,"")) | X349: =_xlfn.LET(_xlpm.maxVal,_xlfn.MAXIFS($K:$K,$A:$A,A349),IF(AND(_xlpm.maxVal=K349,O349<>0),_xlpm.maxVal,"")) | Y349: =_xlfn.LET(_xlpm.maxVal,_xlfn.MAXIFS($K:$K,$A:$A,A349),IF(AND(_xlpm.maxVal=K349,P349<>0),_xlpm.maxVal,"")) | Z349: =_xlfn.LET(_xlpm.maxVal,_xlfn.MAXIFS($K:$K,$A:$A,A349),IF(AND(_xlpm.maxVal=K349,Q349<>0),_xlpm.maxVal,"")) | AA349: =_xlfn.LET(_xlpm.maxVal,_xlfn.MAXIFS($K:$K,$A:$A,A349),IF(AND(_xlpm.maxVal=K349,R349<>0),_xlpm.maxVal,"")) | AB349: =_xlfn.LET(_xlpm.maxVal,_xlfn.MAXIFS($K:$K,$A:$A,A349),IF(AND(_xlpm.maxVal=K349,S349<>0),_xlpm.maxVal,"")) | AC349: =_xlfn.LET(_xlpm.maxVal,_xlfn.MAXIFS($K:$K,$A:$A,A349),IF(AND(_xlpm.maxVal=K349,T349<>0),_xlpm.maxVal,"")) | AD349: =$K349*L349*负载统计!$K$3/60 -> 0 | AE349: =$K349*L349*负载统计!$K$4/60 -> 0 | AF349: =$K349*N349*负载统计!$K$5/60 -> 0 | AG349: =$K349*O349*负载统计!$K$6/60 -> 0 | AH349: =$K349*P349*负载统计!$K$7/60 -> 0 | AI349: =$K349*Q349*负载统计!$K$8/60 -> 0 | AJ349: =$K349*R349*负载统计!$K$9/60 -> 0 | AK349: =$K349*S349*负载统计!$K$10/60 -> 0 | AL349: =$K349*T349*负载统计!$K$11/60 -> 0
A350: 162 | B350: 8610M7205-800V-功率 | C350: EATA86 电推进系统 | D350: 电驱系统2 | E350: 8611E01001G900 | F350: 8610M7205 | G350: =VLOOKUP(A350,负载电气特性!A:G,7,FALSE) -> 800 | H350: 否 | I350: 连续负载 | J350: 工作 | K350: 200 | L350: 0 | M350: 0 | N350: 0 | O350: 0.29 | P350: 1 | Q350: 0.36 | R350: 0.086 | S350: 0.03 | T350: 0 | U350: =_xlfn.LET(_xlpm.maxVal,_xlfn.MAXIFS($K:$K,$A:$A,A350),IF(AND(_xlpm.maxVal=K350,L350<>0),_xlpm.maxVal,"")) | V350: =_xlfn.LET(_xlpm.maxVal,_xlfn.MAXIFS($K:$K,$A:$A,A350),IF(AND(_xlpm.maxVal=K350,M350<>0),_xlpm.maxVal,"")) | W350: =_xlfn.LET(_xlpm.maxVal,_xlfn.MAXIFS($K:$K,$A:$A,A350),IF(AND(_xlpm.maxVal=K350,N350<>0),_xlpm.maxVal,"")) | AC350: =_xlfn.LET(_xlpm.maxVal,_xlfn.MAXIFS($K:$K,$A:$A,A350),IF(AND(_xlpm.maxVal=K350,T350<>0),_xlpm.maxVal,"")) | AD350: =$K350*L350*负载统计!$K$3/60 -> 0 | AE350: =$K350*L350*负载统计!$K$4/60 -> 0 | AF350: =$K350*N350*负载统计!$K$5/60 -> 0 | AG350: 0 | AH350: 0 | AI350: 0 | AJ350: 0 | AK350: 0 | AL350: 0
A351: 162 | B351: 8610M7205-800V-功率 | C351: EATA86 电推进系统 | D351: 电驱系统2 | E351: 8611E01001G900 | F351: 8610M7205 | G351: =VLOOKUP(A351,负载电气特性!A:G,7,FALSE) -> 800 | H351: 否 | I351: 连续负载 | J351: 关闭 | K351: 0 | L351: 1 | M351: 1 | N351: 1 | O351: 0.7 | P351: 0 | Q351: 0.6 | R351: 0 | S351: 1 | T351: 1 | U351: =_xlfn.LET(_xlpm.maxVal,_xlfn.MAXIFS($K:$K,$A:$A,A351),IF(AND(_xlpm.maxVal=K351,L351<>0),_xlpm.maxVal,"")) | V351: =_xlfn.LET(_xlpm.maxVal,_xlfn.MAXIFS($K:$K,$A:$A,A351),IF(AND(_xlpm.maxVal=K351,M351<>0),_xlpm.maxVal,"")) | W351: =_xlfn.LET(_xlpm.maxVal,_xlfn.MAXIFS($K:$K,$A:$A,A351),IF(AND(_xlpm.maxVal=K351,N351<>0),_xlpm.maxVal,"")) | X351: =_xlfn.LET(_xlpm.maxVal,_xlfn.MAXIFS($K:$K,$A:$A,A351),IF(AND(_xlpm.maxVal=K351,O351<>0),_xlpm.maxVal,"")) | Y351: =_xlfn.LET(_xlpm.maxVal,_xlfn.MAXIFS($K:$K,$A:$A,A351),IF(AND(_xlpm.maxVal=K351,P351<>0),_xlpm.maxVal,"")) | Z351: =_xlfn.LET(_xlpm.maxVal,_xlfn.MAXIFS($K:$K,$A:$A,A351),IF(AND(_xlpm.maxVal=K351,Q351<>0),_xlpm.maxVal,"")) | AA351: =_xlfn.LET(_xlpm.maxVal,_xlfn.MAXIFS($K:$K,$A:$A,A351),IF(AND(_xlpm.maxVal=K351,R351<>0),_xlpm.maxVal,"")) | AB351: =_xlfn.LET(_xlpm.maxVal,_xlfn.MAXIFS($K:$K,$A:$A,A351),IF(AND(_xlpm.maxVal=K351,S351<>0),_xlpm.maxVal,"")) | AC351: =_xlfn.LET(_xlpm.maxVal,_xlfn.MAXIFS($K:$K,$A:$A,A351),IF(AND(_xlpm.maxVal=K351,T351<>0),_xlpm.maxVal,"")) | AD351: =$K351*L351*负载统计!$K$3/60 -> 0 | AE351: =$K351*L351*负载统计!$K$4/60 -> 0 | AF351: =$K351*N351*负载统计!$K$5/60 -> 0 | AG351: 0 | AH351: 0 | AI351: 0 | AJ351: 0 | AK351: 0 | AL351: 0
A352: 163 | B352: 8610M7305-28V-控制 | C352: EATA86 电推进系统 | D352: 电驱系统3 | E352: 8611E01001G900 | F352: 8610M7305 | G352: =VLOOKUP(A352,负载电气特性!A:G,7,FALSE) -> 28 | H352: 否 | I352: 连续负载 | J352: 工作 | K352: 0.02 | L352: 1 | M352: 1 | N352: 1 | O352: 1 | P352: 1 | Q352: 1 | R352: 1 | S352: 1 | T352: 1 | U352: =_xlfn.LET(_xlpm.maxVal,_xlfn.MAXIFS($K:$K,$A:$A,A352),IF(AND(_xlpm.maxVal=K352,L352<>0),_xlpm.maxVal,"")) -> 0.02 | V352: =_xlfn.LET(_xlpm.maxVal,_xlfn.MAXIFS($K:$K,$A:$A,A352),IF(AND(_xlpm.maxVal=K352,M352<>0),_xlpm.maxVal,"")) -> 0.02 | W352: =_xlfn.LET(_xlpm.maxVal,_xlfn.MAXIFS($K:$K,$A:$A,A352),IF(AND(_xlpm.maxVal=K352,N352<>0),_xlpm.maxVal,"")) -> 0.02 | X352: =_xlfn.LET(_xlpm.maxVal,_xlfn.MAXIFS($K:$K,$A:$A,A352),IF(AND(_xlpm.maxVal=K352,O352<>0),_xlpm.maxVal,"")) -> 0.02 | Y352: =_xlfn.LET(_xlpm.maxVal,_xlfn.MAXIFS($K:$K,$A:$A,A352),IF(AND(_xlpm.maxVal=K352,P352<>0),_xlpm.maxVal,"")) -> 0.02 | Z352: =_xlfn.LET(_xlpm.maxVal,_xlfn.MAXIFS($K:$K,$A:$A,A352),IF(AND(_xlpm.maxVal=K352,Q352<>0),_xlpm.maxVal,"")) -> 0.02 | AA352: =_xlfn.LET(_xlpm.maxVal,_xlfn.MAXIFS($K:$K,$A:$A,A352),IF(AND(_xlpm.maxVal=K352,R352<>0),_xlpm.maxVal,"")) -> 0.02 | AB352: =_xlfn.LET(_xlpm.maxVal,_xlfn.MAXIFS($K:$K,$A:$A,A352),IF(AND(_xlpm.maxVal=K352,S352<>0),_xlpm.maxVal,"")) -> 0.02 | AC352: =_xlfn.LET(_xlpm.maxVal,_xlfn.MAXIFS($K:$K,$A:$A,A352),IF(AND(_xlpm.maxVal=K352,T352<>0),_xlpm.maxVal,"")) -> 0.02 | AD352: =$K352*L352*负载统计!$K$3/60 -> 0 | AE352: =$K352*L352*负载统计!$K$4/60 -> 0 | AF352: =$K352*N352*负载统计!$K$5/60 -> 0.00033333333 | AG352: =$K352*O352*负载统计!$K$6/60 -> 0.001 | AH352: =$K352*P352*负载统计!$K$7/60 -> 0.0022566667 | AI352: =$K352*Q352*负载统计!$K$8/60 -> 0.014533333 | AJ352: =$K352*R352*负载统计!$K$9/60 -> 0.0046166667 | AK352: =$K352*S352*负载统计!$K$10/60 -> 0.00016666667 | AL352: =$K352*T352*负载统计!$K$11/60 -> 0.0013333333
A353: 163 | B353: 8610M7305-28V-控制 | C353: EATA86 电推进系统 | D353: 电驱系统3 | E353: 8611E01001G900 | F353: 8610M7305 | G353: =VLOOKUP(A353,负载电气特性!A:G,7,FALSE) -> 28 | H353: 否 | I353: 连续负载 | J353: 关闭 | K353: 0 | L353: 0 | M353: 0 | N353: 0 | O353: 0 | P353: 0 | Q353: 0 | R353: 0 | S353: 0 | T353: 0 | U353: =_xlfn.LET(_xlpm.maxVal,_xlfn.MAXIFS($K:$K,$A:$A,A353),IF(AND(_xlpm.maxVal=K353,L353<>0),_xlpm.maxVal,"")) | V353: =_xlfn.LET(_xlpm.maxVal,_xlfn.MAXIFS($K:$K,$A:$A,A353),IF(AND(_xlpm.maxVal=K353,M353<>0),_xlpm.maxVal,"")) | W353: =_xlfn.LET(_xlpm.maxVal,_xlfn.MAXIFS($K:$K,$A:$A,A353),IF(AND(_xlpm.maxVal=K353,N353<>0),_xlpm.maxVal,"")) | X353: =_xlfn.LET(_xlpm.maxVal,_xlfn.MAXIFS($K:$K,$A:$A,A353),IF(AND(_xlpm.maxVal=K353,O353<>0),_xlpm.maxVal,"")) | Y353: =_xlfn.LET(_xlpm.maxVal,_xlfn.MAXIFS($K:$K,$A:$A,A353),IF(AND(_xlpm.maxVal=K353,P353<>0),_xlpm.maxVal,"")) | Z353: =_xlfn.LET(_xlpm.maxVal,_xlfn.MAXIFS($K:$K,$A:$A,A353),IF(AND(_xlpm.maxVal=K353,Q353<>0),_xlpm.maxVal,"")) | AA353: =_xlfn.LET(_xlpm.maxVal,_xlfn.MAXIFS($K:$K,$A:$A,A353),IF(AND(_xlpm.maxVal=K353,R353<>0),_xlpm.maxVal,"")) | AB353: =_xlfn.LET(_xlpm.maxVal,_xlfn.MAXIFS($K:$K,$A:$A,A353),IF(AND(_xlpm.maxVal=K353,S353<>0),_xlpm.maxVal,"")) | AC353: =_xlfn.LET(_xlpm.maxVal,_xlfn.MAXIFS($K:$K,$A:$A,A353),IF(AND(_xlpm.maxVal=K353,T353<>0),_xlpm.maxVal,"")) | AD353: =$K353*L353*负载统计!$K$3/60 -> 0 | AE353: =$K353*L353*负载统计!$K$4/60 -> 0 | AF353: =$K353*N353*负载统计!$K$5/60 -> 0 | AG353: =$K353*O353*负载统计!$K$6/60 -> 0 | AH353: =$K353*P353*负载统计!$K$7/60 -> 0 | AI353: =$K353*Q353*负载统计!$K$8/60 -> 0 | AJ353: =$K353*R353*负载统计!$K$9/60 -> 0 | AK353: =$K353*S353*负载统计!$K$10/60 -> 0 | AL353: =$K353*T353*负载统计!$K$11/60 -> 0
A354: 164 | B354: 8610M7305-800V-功率 | C354: EATA86 电推进系统 | D354: 电驱系统3 | E354: 8611E01001G900 | F354: 8610M7305 | G354: =VLOOKUP(A354,负载电气特性!A:G,7,FALSE) -> 800 | H354: 否 | I354: 连续负载 | J354: 工作 | K354: 200 | L354: 0 | M354: 0 | N354: 0 | O354: 0.29 | P354: 1 | Q354: 0.36 | R354: 0.086 | S354: 0.03 | T354: 0 | U354: =_xlfn.LET(_xlpm.maxVal,_xlfn.MAXIFS($K:$K,$A:$A,A354),IF(AND(_xlpm.maxVal=K354,L354<>0),_xlpm.maxVal,"")) | V354: =_xlfn.LET(_xlpm.maxVal,_xlfn.MAXIFS($K:$K,$A:$A,A354),IF(AND(_xlpm.maxVal=K354,M354<>0),_xlpm.maxVal,"")) | W354: =_xlfn.LET(_xlpm.maxVal,_xlfn.MAXIFS($K:$K,$A:$A,A354),IF(AND(_xlpm.maxVal=K354,N354<>0),_xlpm.maxVal,"")) | AC354: =_xlfn.LET(_xlpm.maxVal,_xlfn.MAXIFS($K:$K,$A:$A,A354),IF(AND(_xlpm.maxVal=K354,T354<>0),_xlpm.maxVal,"")) | AD354: =$K354*L354*负载统计!$K$3/60 -> 0 | AE354: =$K354*L354*负载统计!$K$4/60 -> 0 | AF354: =$K354*N354*负载统计!$K$5/60 -> 0 | AG354: 0 | AH354: 0 | AI354: 0 | AJ354: 0 | AK354: 0 | AL354: 0
A355: 164 | B355: 8610M7305-800V-功率 | C355: EATA86 电推进系统 | D355: 电驱系统3 | E355: 8611E01001G900 | F355: 8610M7305 | G355: =VLOOKUP(A355,负载电气特性!A:G,7,FALSE) -> 800 | H355: 否 | I355: 连续负载 | J355: 关闭 | K355: 0 | L355: 1 | M355: 1 | N355: 1 | O355: 0.7 | P355: 0 | Q355: 0.6 | R355: 0 | S355: 1 | T355: 1 | U355: =_xlfn.LET(_xlpm.maxVal,_xlfn.MAXIFS($K:$K,$A:$A,A355),IF(AND(_xlpm.maxVal=K355,L355<>0),_xlpm.maxVal,"")) | V355: =_xlfn.LET(_xlpm.maxVal,_xlfn.MAXIFS($K:$K,$A:$A,A355),IF(AND(_xlpm.maxVal=K355,M355<>0),_xlpm.maxVal,"")) | W355: =_xlfn.LET(_xlpm.maxVal,_xlfn.MAXIFS($K:$K,$A:$A,A355),IF(AND(_xlpm.maxVal=K355,N355<>0),_xlpm.maxVal,"")) | X355: =_xlfn.LET(_xlpm.maxVal,_xlfn.MAXIFS($K:$K,$A:$A,A355),IF(AND(_xlpm.maxVal=K355,O355<>0),_xlpm.maxVal,"")) | Y355: =_xlfn.LET(_xlpm.maxVal,_xlfn.MAXIFS($K:$K,$A:$A,A355),IF(AND(_xlpm.maxVal=K355,P355<>0),_xlpm.maxVal,"")) | Z355: =_xlfn.LET(_xlpm.maxVal,_xlfn.MAXIFS($K:$K,$A:$A,A355),IF(AND(_xlpm.maxVal=K355,Q355<>0),_xlpm.maxVal,"")) | AA355: =_xlfn.LET(_xlpm.maxVal,_xlfn.MAXIFS($K:$K,$A:$A,A355),IF(AND(_xlpm.maxVal=K355,R355<>0),_xlpm.maxVal,"")) | AB355: =_xlfn.LET(_xlpm.maxVal,_xlfn.MAXIFS($K:$K,$A:$A,A355),IF(AND(_xlpm.maxVal=K355,S355<>0),_xlpm.maxVal,"")) | AC355: =_xlfn.LET(_xlpm.maxVal,_xlfn.MAXIFS($K:$K,$A:$A,A355),IF(AND(_xlpm.maxVal=K355,T355<>0),_xlpm.maxVal,"")) | AD355: =$K355*L355*负载统计!$K$3/60 -> 0 | AE355: =$K355*L355*负载统计!$K$4/60 -> 0 | AF355: =$K355*N355*负载统计!$K$5/60 -> 0 | AG355: 0 | AH355: 0 | AI355: 0 | AJ355: 0 | AK355: 0 | AL355: 0
A356: 165 | B356: 8610M7405-28V-控制 | C356: EATA86 电推进系统 | D356: 电驱系统4 | E356: 8611E01001G900 | F356: 8610M7405 | G356: =VLOOKUP(A356,负载电气特性!A:G,7,FALSE) -> 28 | H356: 否 | I356: 连续负载 | J356: 工作 | K356: 0.02 | L356: 1 | M356: 1 | N356: 1 | O356: 1 | P356: 1 | Q356: 1 | R356: 1 | S356: 1 | T356: 1 | U356: =_xlfn.LET(_xlpm.maxVal,_xlfn.MAXIFS($K:$K,$A:$A,A356),IF(AND(_xlpm.maxVal=K356,L356<>0),_xlpm.maxVal,"")) -> 0.02 | V356: =_xlfn.LET(_xlpm.maxVal,_xlfn.MAXIFS($K:$K,$A:$A,A356),IF(AND(_xlpm.maxVal=K356,M356<>0),_xlpm.maxVal,"")) -> 0.02 | W356: =_xlfn.LET(_xlpm.maxVal,_xlfn.MAXIFS($K:$K,$A:$A,A356),IF(AND(_xlpm.maxVal=K356,N356<>0),_xlpm.maxVal,"")) -> 0.02 | X356: =_xlfn.LET(_xlpm.maxVal,_xlfn.MAXIFS($K:$K,$A:$A,A356),IF(AND(_xlpm.maxVal=K356,O356<>0),_xlpm.maxVal,"")) -> 0.02 | Y356: =_xlfn.LET(_xlpm.maxVal,_xlfn.MAXIFS($K:$K,$A:$A,A356),IF(AND(_xlpm.maxVal=K356,P356<>0),_xlpm.maxVal,"")) -> 0.02 | Z356: =_xlfn.LET(_xlpm.maxVal,_xlfn.MAXIFS($K:$K,$A:$A,A356),IF(AND(_xlpm.maxVal=K356,Q356<>0),_xlpm.maxVal,"")) -> 0.02 | AA356: =_xlfn.LET(_xlpm.maxVal,_xlfn.MAXIFS($K:$K,$A:$A,A356),IF(AND(_xlpm.maxVal=K356,R356<>0),_xlpm.maxVal,"")) -> 0.02 | AB356: =_xlfn.LET(_xlpm.maxVal,_xlfn.MAXIFS($K:$K,$A:$A,A356),IF(AND(_xlpm.maxVal=K356,S356<>0),_xlpm.maxVal,"")) -> 0.02 | AC356: =_xlfn.LET(_xlpm.maxVal,_xlfn.MAXIFS($K:$K,$A:$A,A356),IF(AND(_xlpm.maxVal=K356,T356<>0),_xlpm.maxVal,"")) -> 0.02 | AD356: =$K356*L356*负载统计!$K$3/60 -> 0 | AE356: =$K356*L356*负载统计!$K$4/60 -> 0 | AF356: =$K356*N356*负载统计!$K$5/60 -> 0.00033333333 | AG356: =$K356*O356*负载统计!$K$6/60 -> 0.001 | AH356: =$K356*P356*负载统计!$K$7/60 -> 0.0022566667 | AI356: =$K356*Q356*负载统计!$K$8/60 -> 0.014533333 | AJ356: =$K356*R356*负载统计!$K$9/60 -> 0.0046166667 | AK356: =$K356*S356*负载统计!$K$10/60 -> 0.00016666667 | AL356: =$K356*T356*负载统计!$K$11/60 -> 0.0013333333
A357: 165 | B357: 8610M7405-28V-控制 | C357: EATA86 电推进系统 | D357: 电驱系统4 | E357: 8611E01001G900 | F357: 8610M7405 | G357: =VLOOKUP(A357,负载电气特性!A:G,7,FALSE) -> 28 | H357: 否 | I357: 连续负载 | J357: 关闭 | K357: 0 | L357: 0 | M357: 0 | N357: 0 | O357: 0 | P357: 0 | Q357: 0 | R357: 0 | S357: 0 | T357: 0 | U357: =_xlfn.LET(_xlpm.maxVal,_xlfn.MAXIFS($K:$K,$A:$A,A357),IF(AND(_xlpm.maxVal=K357,L357<>0),_xlpm.maxVal,"")) | V357: =_xlfn.LET(_xlpm.maxVal,_xlfn.MAXIFS($K:$K,$A:$A,A357),IF(AND(_xlpm.maxVal=K357,M357<>0),_xlpm.maxVal,"")) | W357: =_xlfn.LET(_xlpm.maxVal,_xlfn.MAXIFS($K:$K,$A:$A,A357),IF(AND(_xlpm.maxVal=K357,N357<>0),_xlpm.maxVal,"")) | X357: =_xlfn.LET(_xlpm.maxVal,_xlfn.MAXIFS($K:$K,$A:$A,A357),IF(AND(_xlpm.maxVal=K357,O357<>0),_xlpm.maxVal,"")) | Y357: =_xlfn.LET(_xlpm.maxVal,_xlfn.MAXIFS($K:$K,$A:$A,A357),IF(AND(_xlpm.maxVal=K357,P357<>0),_xlpm.maxVal,"")) | Z357: =_xlfn.LET(_xlpm.maxVal,_xlfn.MAXIFS($K:$K,$A:$A,A357),IF(AND(_xlpm.maxVal=K357,Q357<>0),_xlpm.maxVal,"")) | AA357: =_xlfn.LET(_xlpm.maxVal,_xlfn.MAXIFS($K:$K,$A:$A,A357),IF(AND(_xlpm.maxVal=K357,R357<>0),_xlpm.maxVal,"")) | AB357: =_xlfn.LET(_xlpm.maxVal,_xlfn.MAXIFS($K:$K,$A:$A,A357),IF(AND(_xlpm.maxVal=K357,S357<>0),_xlpm.maxVal,"")) | AC357: =_xlfn.LET(_xlpm.maxVal,_xlfn.MAXIFS($K:$K,$A:$A,A357),IF(AND(_xlpm.maxVal=K357,T357<>0),_xlpm.maxVal,"")) | AD357: =$K357*L357*负载统计!$K$3/60 -> 0 | AE357: =$K357*L357*负载统计!$K$4/60 -> 0 | AF357: =$K357*N357*负载统计!$K$5/60 -> 0 | AG357: =$K357*O357*负载统计!$K$6/60 -> 0 | AH357: =$K357*P357*负载统计!$K$7/60 -> 0 | AI357: =$K357*Q357*负载统计!$K$8/60 -> 0 | AJ357: =$K357*R357*负载统计!$K$9/60 -> 0 | AK357: =$K357*S357*负载统计!$K$10/60 -> 0 | AL357: =$K357*T357*负载统计!$K$11/60 -> 0
A358: 166 | B358: 8610M7405-800V-功率 | C358: EATA86 电推进系统 | D358: 电驱系统4 | E358: 8611E01001G900 | F358: 8610M7405 | G358: =VLOOKUP(A358,负载电气特性!A:G,7,FALSE) -> 800 | H358: 否 | I358: 连续负载 | J358: 工作 | K358: 200 | L358: 0 | M358: 0 | N358: 0 | O358: 0.29 | P358: 1 | Q358: 0.36 | R358: 0.086 | S358: 0.03 | T358: 0 | U358: =_xlfn.LET(_xlpm.maxVal,_xlfn.MAXIFS($K:$K,$A:$A,A358),IF(AND(_xlpm.maxVal=K358,L358<>0),_xlpm.maxVal,"")) | V358: =_xlfn.LET(_xlpm.maxVal,_xlfn.MAXIFS($K:$K,$A:$A,A358),IF(AND(_xlpm.maxVal=K358,M358<>0),_xlpm.maxVal,"")) | W358: =_xlfn.LET(_xlpm.maxVal,_xlfn.MAXIFS($K:$K,$A:$A,A358),IF(AND(_xlpm.maxVal=K358,N358<>0),_xlpm.maxVal,"")) | AC358: =_xlfn.LET(_xlpm.maxVal,_xlfn.MAXIFS($K:$K,$A:$A,A358),IF(AND(_xlpm.maxVal=K358,T358<>0),_xlpm.maxVal,"")) | AD358: =$K358*L358*负载统计!$K$3/60 -> 0 | AE358: =$K358*L358*负载统计!$K$4/60 -> 0 | AF358: =$K358*N358*负载统计!$K$5/60 -> 0 | AG358: 0 | AH358: 0 | AI358: 0 | AJ358: 0 | AK358: 0 | AL358: 0
A359: 166 | B359: 8610M7405-800V-功率 | C359: EATA86 电推进系统 | D359: 电驱系统4 | E359: 8611E01001G900 | F359: 8610M7405 | G359: =VLOOKUP(A359,负载电气特性!A:G,7,FALSE) -> 800 | H359: 否 | I359: 连续负载 | J359: 关闭 | K359: 0 | L359: 1 | M359: 1 | N359: 1 | O359: 0.7 | P359: 0 | Q359: 0.6 | R359: 0 | S359: 1 | T359: 1 | U359: =_xlfn.LET(_xlpm.maxVal,_xlfn.MAXIFS($K:$K,$A:$A,A359),IF(AND(_xlpm.maxVal=K359,L359<>0),_xlpm.maxVal,"")) | V359: =_xlfn.LET(_xlpm.maxVal,_xlfn.MAXIFS($K:$K,$A:$A,A359),IF(AND(_xlpm.maxVal=K359,M359<>0),_xlpm.maxVal,"")) | W359: =_xlfn.LET(_xlpm.maxVal,_xlfn.MAXIFS($K:$K,$A:$A,A359),IF(AND(_xlpm.maxVal=K359,N359<>0),_xlpm.maxVal,"")) | X359: =_xlfn.LET(_xlpm.maxVal,_xlfn.MAXIFS($K:$K,$A:$A,A359),IF(AND(_xlpm.maxVal=K359,O359<>0),_xlpm.maxVal,"")) | Y359: =_xlfn.LET(_xlpm.maxVal,_xlfn.MAXIFS($K:$K,$A:$A,A359),IF(AND(_xlpm.maxVal=K359,P359<>0),_xlpm.maxVal,"")) | Z359: =_xlfn.LET(_xlpm.maxVal,_xlfn.MAXIFS($K:$K,$A:$A,A359),IF(AND(_xlpm.maxVal=K359,Q359<>0),_xlpm.maxVal,"")) | AA359: =_xlfn.LET(_xlpm.maxVal,_xlfn.MAXIFS($K:$K,$A:$A,A359),IF(AND(_xlpm.maxVal=K359,R359<>0),_xlpm.maxVal,"")) | AB359: =_xlfn.LET(_xlpm.maxVal,_xlfn.MAXIFS($K:$K,$A:$A,A359),IF(AND(_xlpm.maxVal=K359,S359<>0),_xlpm.maxVal,"")) | AC359: =_xlfn.LET(_xlpm.maxVal,_xlfn.MAXIFS($K:$K,$A:$A,A359),IF(AND(_xlpm.maxVal=K359,T359<>0),_xlpm.maxVal,"")) | AD359: =$K359*L359*负载统计!$K$3/60 -> 0 | AE359: =$K359*L359*负载统计!$K$4/60 -> 0 | AF359: =$K359*N359*负载统计!$K$5/60 -> 0 | AG359: 0 | AH359: 0 | AI359: 0 | AJ359: 0 | AK359: 0 | AL359: 0
A360: 167 | B360: 8610M7505-28V-控制 | C360: EATA86 电推进系统 | D360: 电驱系统5 | E360: 8611E01001G900 | F360: 8610M7505 | G360: =VLOOKUP(A360,负载电气特性!A:G,7,FALSE) -> 28 | H360: 否 | I360: 连续负载 | J360: 工作 | K360: 0.02 | L360: 1 | M360: 1 | N360: 1 | O360: 1 | P360: 1 | Q360: 1 | R360: 1 | S360: 1 | T360: 1 | U360: =_xlfn.LET(_xlpm.maxVal,_xlfn.MAXIFS($K:$K,$A:$A,A360),IF(AND(_xlpm.maxVal=K360,L360<>0),_xlpm.maxVal,"")) -> 0.02 | V360: =_xlfn.LET(_xlpm.maxVal,_xlfn.MAXIFS($K:$K,$A:$A,A360),IF(AND(_xlpm.maxVal=K360,M360<>0),_xlpm.maxVal,"")) -> 0.02 | W360: =_xlfn.LET(_xlpm.maxVal,_xlfn.MAXIFS($K:$K,$A:$A,A360),IF(AND(_xlpm.maxVal=K360,N360<>0),_xlpm.maxVal,"")) -> 0.02 | X360: =_xlfn.LET(_xlpm.maxVal,_xlfn.MAXIFS($K:$K,$A:$A,A360),IF(AND(_xlpm.maxVal=K360,O360<>0),_xlpm.maxVal,"")) -> 0.02 | Y360: =_xlfn.LET(_xlpm.maxVal,_xlfn.MAXIFS($K:$K,$A:$A,A360),IF(AND(_xlpm.maxVal=K360,P360<>0),_xlpm.maxVal,"")) -> 0.02 | Z360: =_xlfn.LET(_xlpm.maxVal,_xlfn.MAXIFS($K:$K,$A:$A,A360),IF(AND(_xlpm.maxVal=K360,Q360<>0),_xlpm.maxVal,"")) -> 0.02 | AA360: =_xlfn.LET(_xlpm.maxVal,_xlfn.MAXIFS($K:$K,$A:$A,A360),IF(AND(_xlpm.maxVal=K360,R360<>0),_xlpm.maxVal,"")) -> 0.02 | AB360: =_xlfn.LET(_xlpm.maxVal,_xlfn.MAXIFS($K:$K,$A:$A,A360),IF(AND(_xlpm.maxVal=K360,S360<>0),_xlpm.maxVal,"")) -> 0.02 | AC360: =_xlfn.LET(_xlpm.maxVal,_xlfn.MAXIFS($K:$K,$A:$A,A360),IF(AND(_xlpm.maxVal=K360,T360<>0),_xlpm.maxVal,"")) -> 0.02 | AD360: =$K360*L360*负载统计!$K$3/60 -> 0 | AE360: =$K360*L360*负载统计!$K$4/60 -> 0 | AF360: =$K360*N360*负载统计!$K$5/60 -> 0.00033333333 | AG360: =$K360*O360*负载统计!$K$6/60 -> 0.001 | AH360: =$K360*P360*负载统计!$K$7/60 -> 0.0022566667 | AI360: =$K360*Q360*负载统计!$K$8/60 -> 0.014533333 | AJ360: =$K360*R360*负载统计!$K$9/60 -> 0.0046166667 | AK360: =$K360*S360*负载统计!$K$10/60 -> 0.00016666667 | AL360: =$K360*T360*负载统计!$K$11/60 -> 0.0013333333
A361: 167 | B361: 8610M7505-28V-控制 | C361: EATA86 电推进系统 | D361: 电驱系统5 | E361: 8611E01001G900 | F361: 8610M7505 | G361: =VLOOKUP(A361,负载电气特性!A:G,7,FALSE) -> 28 | H361: 否 | I361: 连续负载 | J361: 关闭 | K361: 0 | L361: 0 | M361: 0 | N361: 0 | O361: 0 | P361: 0 | Q361: 0 | R361: 0 | S361: 0 | T361: 0 | U361: =_xlfn.LET(_xlpm.maxVal,_xlfn.MAXIFS($K:$K,$A:$A,A361),IF(AND(_xlpm.maxVal=K361,L361<>0),_xlpm.maxVal,"")) | V361: =_xlfn.LET(_xlpm.maxVal,_xlfn.MAXIFS($K:$K,$A:$A,A361),IF(AND(_xlpm.maxVal=K361,M361<>0),_xlpm.maxVal,"")) | W361: =_xlfn.LET(_xlpm.maxVal,_xlfn.MAXIFS($K:$K,$A:$A,A361),IF(AND(_xlpm.maxVal=K361,N361<>0),_xlpm.maxVal,"")) | X361: =_xlfn.LET(_xlpm.maxVal,_xlfn.MAXIFS($K:$K,$A:$A,A361),IF(AND(_xlpm.maxVal=K361,O361<>0),_xlpm.maxVal,"")) | Y361: =_xlfn.LET(_xlpm.maxVal,_xlfn.MAXIFS($K:$K,$A:$A,A361),IF(AND(_xlpm.maxVal=K361,P361<>0),_xlpm.maxVal,"")) | Z361: =_xlfn.LET(_xlpm.maxVal,_xlfn.MAXIFS($K:$K,$A:$A,A361),IF(AND(_xlpm.maxVal=K361,Q361<>0),_xlpm.maxVal,"")) | AA361: =_xlfn.LET(_xlpm.maxVal,_xlfn.MAXIFS($K:$K,$A:$A,A361),IF(AND(_xlpm.maxVal=K361,R361<>0),_xlpm.maxVal,"")) | AB361: =_xlfn.LET(_xlpm.maxVal,_xlfn.MAXIFS($K:$K,$A:$A,A361),IF(AND(_xlpm.maxVal=K361,S361<>0),_xlpm.maxVal,"")) | AC361: =_xlfn.LET(_xlpm.maxVal,_xlfn.MAXIFS($K:$K,$A:$A,A361),IF(AND(_xlpm.maxVal=K361,T361<>0),_xlpm.maxVal,"")) | AD361: =$K361*L361*负载统计!$K$3/60 -> 0 | AE361: =$K361*L361*负载统计!$K$4/60 -> 0 | AF361: =$K361*N361*负载统计!$K$5/60 -> 0 | AG361: =$K361*O361*负载统计!$K$6/60 -> 0 | AH361: =$K361*P361*负载统计!$K$7/60 -> 0 | AI361: =$K361*Q361*负载统计!$K$8/60 -> 0 | AJ361: =$K361*R361*负载统计!$K$9/60 -> 0 | AK361: =$K361*S361*负载统计!$K$10/60 -> 0 | AL361: =$K361*T361*负载统计!$K$11/60 -> 0
A362: 168 | B362: 8610M7505-800V-功率 | C362: EATA86 电推进系统 | D362: 电驱系统5 | E362: 8611E01001G900 | F362: 8610M7505 | G362: =VLOOKUP(A362,负载电气特性!A:G,7,FALSE) -> 800 | H362: 否 | I362: 连续负载 | J362: 工作 | K362: 200 | L362: 0 | M362: 0 | N362: 0 | O362: 0.29 | P362: 1 | Q362: 0.36 | R362: 0.086 | S362: 0.03 | T362: 0 | U362: =_xlfn.LET(_xlpm.maxVal,_xlfn.MAXIFS($K:$K,$A:$A,A362),IF(AND(_xlpm.maxVal=K362,L362<>0),_xlpm.maxVal,"")) | V362: =_xlfn.LET(_xlpm.maxVal,_xlfn.MAXIFS($K:$K,$A:$A,A362),IF(AND(_xlpm.maxVal=K362,M362<>0),_xlpm.maxVal,"")) | W362: =_xlfn.LET(_xlpm.maxVal,_xlfn.MAXIFS($K:$K,$A:$A,A362),IF(AND(_xlpm.maxVal=K362,N362<>0),_xlpm.maxVal,"")) | AC362: =_xlfn.LET(_xlpm.maxVal,_xlfn.MAXIFS($K:$K,$A:$A,A362),IF(AND(_xlpm.maxVal=K362,T362<>0),_xlpm.maxVal,"")) | AD362: =$K362*L362*负载统计!$K$3/60 -> 0 | AE362: =$K362*L362*负载统计!$K$4/60 -> 0 | AF362: =$K362*N362*负载统计!$K$5/60 -> 0 | AG362: 0 | AH362: 0 | AI362: 0 | AJ362: 0 | AK362: 0 | AL362: 0
A363: 168 | B363: 8610M7505-800V-功率 | C363: EATA86 电推进系统 | D363: 电驱系统5 | E363: 8611E01001G900 | F363: 8610M7505 | G363: =VLOOKUP(A363,负载电气特性!A:G,7,FALSE) -> 800 | H363: 否 | I363: 连续负载 | J363: 关闭 | K363: 0 | L363: 1 | M363: 1 | N363: 1 | O363: 0.7 | P363: 0 | Q363: 0.6 | R363: 0 | S363: 1 | T363: 1 | U363: =_xlfn.LET(_xlpm.maxVal,_xlfn.MAXIFS($K:$K,$A:$A,A363),IF(AND(_xlpm.maxVal=K363,L363<>0),_xlpm.maxVal,"")) | V363: =_xlfn.LET(_xlpm.maxVal,_xlfn.MAXIFS($K:$K,$A:$A,A363),IF(AND(_xlpm.maxVal=K363,M363<>0),_xlpm.maxVal,"")) | W363: =_xlfn.LET(_xlpm.maxVal,_xlfn.MAXIFS($K:$K,$A:$A,A363),IF(AND(_xlpm.maxVal=K363,N363<>0),_xlpm.maxVal,"")) | X363: =_xlfn.LET(_xlpm.maxVal,_xlfn.MAXIFS($K:$K,$A:$A,A363),IF(AND(_xlpm.maxVal=K363,O363<>0),_xlpm.maxVal,"")) | Y363: =_xlfn.LET(_xlpm.maxVal,_xlfn.MAXIFS($K:$K,$A:$A,A363),IF(AND(_xlpm.maxVal=K363,P363<>0),_xlpm.maxVal,"")) | Z363: =_xlfn.LET(_xlpm.maxVal,_xlfn.MAXIFS($K:$K,$A:$A,A363),IF(AND(_xlpm.maxVal=K363,Q363<>0),_xlpm.maxVal,"")) | AA363: =_xlfn.LET(_xlpm.maxVal,_xlfn.MAXIFS($K:$K,$A:$A,A363),IF(AND(_xlpm.maxVal=K363,R363<>0),_xlpm.maxVal,"")) | AB363: =_xlfn.LET(_xlpm.maxVal,_xlfn.MAXIFS($K:$K,$A:$A,A363),IF(AND(_xlpm.maxVal=K363,S363<>0),_xlpm.maxVal,"")) | AC363: =_xlfn.LET(_xlpm.maxVal,_xlfn.MAXIFS($K:$K,$A:$A,A363),IF(AND(_xlpm.maxVal=K363,T363<>0),_xlpm.maxVal,"")) | AD363: =$K363*L363*负载统计!$K$3/60 -> 0 | AE363: =$K363*L363*负载统计!$K$4/60 -> 0 | AF363: =$K363*N363*负载统计!$K$5/60 -> 0 | AG363: 0 | AH363: 0 | AI363: 0 | AJ363: 0 | AK363: 0 | AL363: 0
A364: 169 | B364: 8610M7107-28V-控制 | C364: EATA86 电推进系统 | D364: 电驱系统6 | E364: 8611E01001G900 | F364: 8610M7107 | G364: =VLOOKUP(A364,负载电气特性!A:G,7,FALSE) -> 28 | H364: 否 | I364: 连续负载 | J364: 工作 | K364: 0.02 | L364: 1 | M364: 1 | N364: 1 | O364: 1 | P364: 1 | Q364: 1 | R364: 1 | S364: 1 | T364: 1 | U364: =_xlfn.LET(_xlpm.maxVal,_xlfn.MAXIFS($K:$K,$A:$A,A364),IF(AND(_xlpm.maxVal=K364,L364<>0),_xlpm.maxVal,"")) -> 0.02 | V364: =_xlfn.LET(_xlpm.maxVal,_xlfn.MAXIFS($K:$K,$A:$A,A364),IF(AND(_xlpm.maxVal=K364,M364<>0),_xlpm.maxVal,"")) -> 0.02 | W364: =_xlfn.LET(_xlpm.maxVal,_xlfn.MAXIFS($K:$K,$A:$A,A364),IF(AND(_xlpm.maxVal=K364,N364<>0),_xlpm.maxVal,"")) -> 0.02 | X364: =_xlfn.LET(_xlpm.maxVal,_xlfn.MAXIFS($K:$K,$A:$A,A364),IF(AND(_xlpm.maxVal=K364,O364<>0),_xlpm.maxVal,"")) -> 0.02 | Y364: =_xlfn.LET(_xlpm.maxVal,_xlfn.MAXIFS($K:$K,$A:$A,A364),IF(AND(_xlpm.maxVal=K364,P364<>0),_xlpm.maxVal,"")) -> 0.02 | Z364: =_xlfn.LET(_xlpm.maxVal,_xlfn.MAXIFS($K:$K,$A:$A,A364),IF(AND(_xlpm.maxVal=K364,Q364<>0),_xlpm.maxVal,"")) -> 0.02 | AA364: =_xlfn.LET(_xlpm.maxVal,_xlfn.MAXIFS($K:$K,$A:$A,A364),IF(AND(_xlpm.maxVal=K364,R364<>0),_xlpm.maxVal,"")) -> 0.02 | AB364: =_xlfn.LET(_xlpm.maxVal,_xlfn.MAXIFS($K:$K,$A:$A,A364),IF(AND(_xlpm.maxVal=K364,S364<>0),_xlpm.maxVal,"")) -> 0.02 | AC364: =_xlfn.LET(_xlpm.maxVal,_xlfn.MAXIFS($K:$K,$A:$A,A364),IF(AND(_xlpm.maxVal=K364,T364<>0),_xlpm.maxVal,"")) -> 0.02 | AD364: =$K364*L364*负载统计!$K$3/60 -> 0 | AE364: =$K364*L364*负载统计!$K$4/60 -> 0 | AF364: =$K364*N364*负载统计!$K$5/60 -> 0.00033333333 | AG364: =$K364*O364*负载统计!$K$6/60 -> 0.001 | AH364: =$K364*P364*负载统计!$K$7/60 -> 0.0022566667 | AI364: =$K364*Q364*负载统计!$K$8/60 -> 0.014533333 | AJ364: =$K364*R364*负载统计!$K$9/60 -> 0.0046166667 | AK364: =$K364*S364*负载统计!$K$10/60 -> 0.00016666667 | AL364: =$K364*T364*负载统计!$K$11/60 -> 0.0013333333
A365: 169 | B365: 8610M7107-28V-控制 | C365: EATA86 电推进系统 | D365: 电驱系统6 | E365: 8611E01001G900 | F365: 8610M7107 | G365: =VLOOKUP(A365,负载电气特性!A:G,7,FALSE) -> 28 | H365: 否 | I365: 连续负载 | J365: 关闭 | K365: 0 | L365: 0 | M365: 0 | N365: 0 | O365: 0 | P365: 0 | Q365: 0 | R365: 0 | S365: 0 | T365: 0 | U365: =_xlfn.LET(_xlpm.maxVal,_xlfn.MAXIFS($K:$K,$A:$A,A365),IF(AND(_xlpm.maxVal=K365,L365<>0),_xlpm.maxVal,"")) | V365: =_xlfn.LET(_xlpm.maxVal,_xlfn.MAXIFS($K:$K,$A:$A,A365),IF(AND(_xlpm.maxVal=K365,M365<>0),_xlpm.maxVal,"")) | W365: =_xlfn.LET(_xlpm.maxVal,_xlfn.MAXIFS($K:$K,$A:$A,A365),IF(AND(_xlpm.maxVal=K365,N365<>0),_xlpm.maxVal,"")) | X365: =_xlfn.LET(_xlpm.maxVal,_xlfn.MAXIFS($K:$K,$A:$A,A365),IF(AND(_xlpm.maxVal=K365,O365<>0),_xlpm.maxVal,"")) | Y365: =_xlfn.LET(_xlpm.maxVal,_xlfn.MAXIFS($K:$K,$A:$A,A365),IF(AND(_xlpm.maxVal=K365,P365<>0),_xlpm.maxVal,"")) | Z365: =_xlfn.LET(_xlpm.maxVal,_xlfn.MAXIFS($K:$K,$A:$A,A365),IF(AND(_xlpm.maxVal=K365,Q365<>0),_xlpm.maxVal,"")) | AA365: =_xlfn.LET(_xlpm.maxVal,_xlfn.MAXIFS($K:$K,$A:$A,A365),IF(AND(_xlpm.maxVal=K365,R365<>0),_xlpm.maxVal,"")) | AB365: =_xlfn.LET(_xlpm.maxVal,_xlfn.MAXIFS($K:$K,$A:$A,A365),IF(AND(_xlpm.maxVal=K365,S365<>0),_xlpm.maxVal,"")) | AC365: =_xlfn.LET(_xlpm.maxVal,_xlfn.MAXIFS($K:$K,$A:$A,A365),IF(AND(_xlpm.maxVal=K365,T365<>0),_xlpm.maxVal,"")) | AD365: =$K365*L365*负载统计!$K$3/60 -> 0 | AE365: =$K365*L365*负载统计!$K$4/60 -> 0 | AF365: =$K365*N365*负载统计!$K$5/60 -> 0 | AG365: =$K365*O365*负载统计!$K$6/60 -> 0 | AH365: =$K365*P365*负载统计!$K$7/60 -> 0 | AI365: =$K365*Q365*负载统计!$K$8/60 -> 0 | AJ365: =$K365*R365*负载统计!$K$9/60 -> 0 | AK365: =$K365*S365*负载统计!$K$10/60 -> 0 | AL365: =$K365*T365*负载统计!$K$11/60 -> 0
A366: 170 | B366: 8610M7107-800V-功率 | C366: EATA86 电推进系统 | D366: 电驱系统6 | E366: 8611E01001G900 | F366: 8610M7107 | G366: =VLOOKUP(A366,负载电气特性!A:G,7,FALSE) -> 800 | H366: 否 | I366: 连续负载 | J366: 工作 | K366: 200 | L366: 0 | M366: 0 | N366: 0 | O366: 0.29 | P366: 1 | Q366: 0.36 | R366: 0.086 | S366: 0.03 | T366: 0 | U366: =_xlfn.LET(_xlpm.maxVal,_xlfn.MAXIFS($K:$K,$A:$A,A366),IF(AND(_xlpm.maxVal=K366,L366<>0),_xlpm.maxVal,"")) | V366: =_xlfn.LET(_xlpm.maxVal,_xlfn.MAXIFS($K:$K,$A:$A,A366),IF(AND(_xlpm.maxVal=K366,M366<>0),_xlpm.maxVal,"")) | W366: =_xlfn.LET(_xlpm.maxVal,_xlfn.MAXIFS($K:$K,$A:$A,A366),IF(AND(_xlpm.maxVal=K366,N366<>0),_xlpm.maxVal,"")) | AC366: =_xlfn.LET(_xlpm.maxVal,_xlfn.MAXIFS($K:$K,$A:$A,A366),IF(AND(_xlpm.maxVal=K366,T366<>0),_xlpm.maxVal,"")) | AD366: =$K366*L366*负载统计!$K$3/60 -> 0 | AE366: =$K366*L366*负载统计!$K$4/60 -> 0 | AF366: =$K366*N366*负载统计!$K$5/60 -> 0 | AG366: 0 | AH366: 0 | AI366: 0 | AJ366: 0 | AK366: 0 | AL366: 0
A367: 170 | B367: 8610M7107-800V-功率 | C367: EATA86 电推进系统 | D367: 电驱系统6 | E367: 8611E01001G900 | F367: 8610M7107 | G367: =VLOOKUP(A367,负载电气特性!A:G,7,FALSE) -> 800 | H367: 否 | I367: 连续负载 | J367: 关闭 | K367: 0 | L367: 1 | M367: 1 | N367: 1 | O367: 0.7 | P367: 0 | Q367: 0.6 | R367: 0 | S367: 1 | T367: 1 | U367: =_xlfn.LET(_xlpm.maxVal,_xlfn.MAXIFS($K:$K,$A:$A,A367),IF(AND(_xlpm.maxVal=K367,L367<>0),_xlpm.maxVal,"")) | V367: =_xlfn.LET(_xlpm.maxVal,_xlfn.MAXIFS($K:$K,$A:$A,A367),IF(AND(_xlpm.maxVal=K367,M367<>0),_xlpm.maxVal,"")) | W367: =_xlfn.LET(_xlpm.maxVal,_xlfn.MAXIFS($K:$K,$A:$A,A367),IF(AND(_xlpm.maxVal=K367,N367<>0),_xlpm.maxVal,"")) | X367: =_xlfn.LET(_xlpm.maxVal,_xlfn.MAXIFS($K:$K,$A:$A,A367),IF(AND(_xlpm.maxVal=K367,O367<>0),_xlpm.maxVal,"")) | Y367: =_xlfn.LET(_xlpm.maxVal,_xlfn.MAXIFS($K:$K,$A:$A,A367),IF(AND(_xlpm.maxVal=K367,P367<>0),_xlpm.maxVal,"")) | Z367: =_xlfn.LET(_xlpm.maxVal,_xlfn.MAXIFS($K:$K,$A:$A,A367),IF(AND(_xlpm.maxVal=K367,Q367<>0),_xlpm.maxVal,"")) | AA367: =_xlfn.LET(_xlpm.maxVal,_xlfn.MAXIFS($K:$K,$A:$A,A367),IF(AND(_xlpm.maxVal=K367,R367<>0),_xlpm.maxVal,"")) | AB367: =_xlfn.LET(_xlpm.maxVal,_xlfn.MAXIFS($K:$K,$A:$A,A367),IF(AND(_xlpm.maxVal=K367,S367<>0),_xlpm.maxVal,"")) | AC367: =_xlfn.LET(_xlpm.maxVal,_xlfn.MAXIFS($K:$K,$A:$A,A367),IF(AND(_xlpm.maxVal=K367,T367<>0),_xlpm.maxVal,"")) | AD367: =$K367*L367*负载统计!$K$3/60 -> 0 | AE367: =$K367*L367*负载统计!$K$4/60 -> 0 | AF367: =$K367*N367*负载统计!$K$5/60 -> 0 | AG367: 0 | AH367: 0 | AI367: 0 | AJ367: 0 | AK367: 0 | AL367: 0
A368: 171 | B368: 8610M7207-28V-控制 | C368: EATA86 电推进系统 | D368: 电驱系统7 | E368: 8611E01001G900 | F368: 8610M7207 | G368: =VLOOKUP(A368,负载电气特性!A:G,7,FALSE) -> 28 | H368: 否 | I368: 连续负载 | J368: 工作 | K368: 0.02 | L368: 1 | M368: 1 | N368: 1 | O368: 1 | P368: 1 | Q368: 1 | R368: 1 | S368: 1 | T368: 1 | U368: =_xlfn.LET(_xlpm.maxVal,_xlfn.MAXIFS($K:$K,$A:$A,A368),IF(AND(_xlpm.maxVal=K368,L368<>0),_xlpm.maxVal,"")) -> 0.02 | V368: =_xlfn.LET(_xlpm.maxVal,_xlfn.MAXIFS($K:$K,$A:$A,A368),IF(AND(_xlpm.maxVal=K368,M368<>0),_xlpm.maxVal,"")) -> 0.02 | W368: =_xlfn.LET(_xlpm.maxVal,_xlfn.MAXIFS($K:$K,$A:$A,A368),IF(AND(_xlpm.maxVal=K368,N368<>0),_xlpm.maxVal,"")) -> 0.02 | X368: =_xlfn.LET(_xlpm.maxVal,_xlfn.MAXIFS($K:$K,$A:$A,A368),IF(AND(_xlpm.maxVal=K368,O368<>0),_xlpm.maxVal,"")) -> 0.02 | Y368: =_xlfn.LET(_xlpm.maxVal,_xlfn.MAXIFS($K:$K,$A:$A,A368),IF(AND(_xlpm.maxVal=K368,P368<>0),_xlpm.maxVal,"")) -> 0.02 | Z368: =_xlfn.LET(_xlpm.maxVal,_xlfn.MAXIFS($K:$K,$A:$A,A368),IF(AND(_xlpm.maxVal=K368,Q368<>0),_xlpm.maxVal,"")) -> 0.02 | AA368: =_xlfn.LET(_xlpm.maxVal,_xlfn.MAXIFS($K:$K,$A:$A,A368),IF(AND(_xlpm.maxVal=K368,R368<>0),_xlpm.maxVal,"")) -> 0.02 | AB368: =_xlfn.LET(_xlpm.maxVal,_xlfn.MAXIFS($K:$K,$A:$A,A368),IF(AND(_xlpm.maxVal=K368,S368<>0),_xlpm.maxVal,"")) -> 0.02 | AC368: =_xlfn.LET(_xlpm.maxVal,_xlfn.MAXIFS($K:$K,$A:$A,A368),IF(AND(_xlpm.maxVal=K368,T368<>0),_xlpm.maxVal,"")) -> 0.02 | AD368: =$K368*L368*负载统计!$K$3/60 -> 0 | AE368: =$K368*L368*负载统计!$K$4/60 -> 0 | AF368: =$K368*N368*负载统计!$K$5/60 -> 0.00033333333 | AG368: =$K368*O368*负载统计!$K$6/60 -> 0.001 | AH368: =$K368*P368*负载统计!$K$7/60 -> 0.0022566667 | AI368: =$K368*Q368*负载统计!$K$8/60 -> 0.014533333 | AJ368: =$K368*R368*负载统计!$K$9/60 -> 0.0046166667 | AK368: =$K368*S368*负载统计!$K$10/60 -> 0.00016666667 | AL368: =$K368*T368*负载统计!$K$11/60 -> 0.0013333333
A369: 171 | B369: 8610M7207-28V-控制 | C369: EATA86 电推进系统 | D369: 电驱系统7 | E369: 8611E01001G900 | F369: 8610M7207 | G369: =VLOOKUP(A369,负载电气特性!A:G,7,FALSE) -> 28 | H369: 否 | I369: 连续负载 | J369: 关闭 | K369: 0 | L369: 0 | M369: 0 | N369: 0 | O369: 0 | P369: 0 | Q369: 0 | R369: 0 | S369: 0 | T369: 0 | U369: =_xlfn.LET(_xlpm.maxVal,_xlfn.MAXIFS($K:$K,$A:$A,A369),IF(AND(_xlpm.maxVal=K369,L369<>0),_xlpm.maxVal,"")) | V369: =_xlfn.LET(_xlpm.maxVal,_xlfn.MAXIFS($K:$K,$A:$A,A369),IF(AND(_xlpm.maxVal=K369,M369<>0),_xlpm.maxVal,"")) | W369: =_xlfn.LET(_xlpm.maxVal,_xlfn.MAXIFS($K:$K,$A:$A,A369),IF(AND(_xlpm.maxVal=K369,N369<>0),_xlpm.maxVal,"")) | X369: =_xlfn.LET(_xlpm.maxVal,_xlfn.MAXIFS($K:$K,$A:$A,A369),IF(AND(_xlpm.maxVal=K369,O369<>0),_xlpm.maxVal,"")) | Y369: =_xlfn.LET(_xlpm.maxVal,_xlfn.MAXIFS($K:$K,$A:$A,A369),IF(AND(_xlpm.maxVal=K369,P369<>0),_xlpm.maxVal,"")) | Z369: =_xlfn.LET(_xlpm.maxVal,_xlfn.MAXIFS($K:$K,$A:$A,A369),IF(AND(_xlpm.maxVal=K369,Q369<>0),_xlpm.maxVal,"")) | AA369: =_xlfn.LET(_xlpm.maxVal,_xlfn.MAXIFS($K:$K,$A:$A,A369),IF(AND(_xlpm.maxVal=K369,R369<>0),_xlpm.maxVal,"")) | AB369: =_xlfn.LET(_xlpm.maxVal,_xlfn.MAXIFS($K:$K,$A:$A,A369),IF(AND(_xlpm.maxVal=K369,S369<>0),_xlpm.maxVal,"")) | AC369: =_xlfn.LET(_xlpm.maxVal,_xlfn.MAXIFS($K:$K,$A:$A,A369),IF(AND(_xlpm.maxVal=K369,T369<>0),_xlpm.maxVal,"")) | AD369: =$K369*L369*负载统计!$K$3/60 -> 0 | AE369: =$K369*L369*负载统计!$K$4/60 -> 0 | AF369: =$K369*N369*负载统计!$K$5/60 -> 0 | AG369: =$K369*O369*负载统计!$K$6/60 -> 0 | AH369: =$K369*P369*负载统计!$K$7/60 -> 0 | AI369: =$K369*Q369*负载统计!$K$8/60 -> 0 | AJ369: =$K369*R369*负载统计!$K$9/60 -> 0 | AK369: =$K369*S369*负载统计!$K$10/60 -> 0 | AL369: =$K369*T369*负载统计!$K$11/60 -> 0
A370: 172 | B370: 8610M7207-800V-功率 | C370: EATA86 电推进系统 | D370: 电驱系统7 | E370: 8611E01001G900 | F370: 8610M7207 | G370: =VLOOKUP(A370,负载电气特性!A:G,7,FALSE) -> 800 | H370: 否 | I370: 连续负载 | J370: 工作 | K370: 200 | L370: 0 | M370: 0 | N370: 0 | O370: 0.29 | P370: 1 | Q370: 0.36 | R370: 0.086 | S370: 0.03 | T370: 0 | U370: =_xlfn.LET(_xlpm.maxVal,_xlfn.MAXIFS($K:$K,$A:$A,A370),IF(AND(_xlpm.maxVal=K370,L370<>0),_xlpm.maxVal,"")) | V370: =_xlfn.LET(_xlpm.maxVal,_xlfn.MAXIFS($K:$K,$A:$A,A370),IF(AND(_xlpm.maxVal=K370,M370<>0),_xlpm.maxVal,"")) | W370: =_xlfn.LET(_xlpm.maxVal,_xlfn.MAXIFS($K:$K,$A:$A,A370),IF(AND(_xlpm.maxVal=K370,N370<>0),_xlpm.maxVal,"")) | AC370: =_xlfn.LET(_xlpm.maxVal,_xlfn.MAXIFS($K:$K,$A:$A,A370),IF(AND(_xlpm.maxVal=K370,T370<>0),_xlpm.maxVal,"")) | AD370: =$K370*L370*负载统计!$K$3/60 -> 0 | AE370: =$K370*L370*负载统计!$K$4/60 -> 0 | AF370: =$K370*N370*负载统计!$K$5/60 -> 0 | AG370: 0 | AH370: 0 | AI370: 0 | AJ370: 0 | AK370: 0 | AL370: 0
A371: 172 | B371: 8610M7207-800V-功率 | C371: EATA86 电推进系统 | D371: 电驱系统7 | E371: 8611E01001G900 | F371: 8610M7207 | G371: =VLOOKUP(A371,负载电气特性!A:G,7,FALSE) -> 800 | H371: 否 | I371: 连续负载 | J371: 关闭 | K371: 0 | L371: 1 | M371: 1 | N371: 1 | O371: 0.7 | P371: 0 | Q371: 0.6 | R371: 0 | S371: 1 | T371: 1 | U371: =_xlfn.LET(_xlpm.maxVal,_xlfn.MAXIFS($K:$K,$A:$A,A371),IF(AND(_xlpm.maxVal=K371,L371<>0),_xlpm.maxVal,"")) | V371: =_xlfn.LET(_xlpm.maxVal,_xlfn.MAXIFS($K:$K,$A:$A,A371),IF(AND(_xlpm.maxVal=K371,M371<>0),_xlpm.maxVal,"")) | W371: =_xlfn.LET(_xlpm.maxVal,_xlfn.MAXIFS($K:$K,$A:$A,A371),IF(AND(_xlpm.maxVal=K371,N371<>0),_xlpm.maxVal,"")) | X371: =_xlfn.LET(_xlpm.maxVal,_xlfn.MAXIFS($K:$K,$A:$A,A371),IF(AND(_xlpm.maxVal=K371,O371<>0),_xlpm.maxVal,"")) | Y371: =_xlfn.LET(_xlpm.maxVal,_xlfn.MAXIFS($K:$K,$A:$A,A371),IF(AND(_xlpm.maxVal=K371,P371<>0),_xlpm.maxVal,"")) | Z371: =_xlfn.LET(_xlpm.maxVal,_xlfn.MAXIFS($K:$K,$A:$A,A371),IF(AND(_xlpm.maxVal=K371,Q371<>0),_xlpm.maxVal,"")) | AA371: =_xlfn.LET(_xlpm.maxVal,_xlfn.MAXIFS($K:$K,$A:$A,A371),IF(AND(_xlpm.maxVal=K371,R371<>0),_xlpm.maxVal,"")) | AB371: =_xlfn.LET(_xlpm.maxVal,_xlfn.MAXIFS($K:$K,$A:$A,A371),IF(AND(_xlpm.maxVal=K371,S371<>0),_xlpm.maxVal,"")) | AC371: =_xlfn.LET(_xlpm.maxVal,_xlfn.MAXIFS($K:$K,$A:$A,A371),IF(AND(_xlpm.maxVal=K371,T371<>0),_xlpm.maxVal,"")) | AD371: =$K371*L371*负载统计!$K$3/60 -> 0 | AE371: =$K371*L371*负载统计!$K$4/60 -> 0 | AF371: =$K371*N371*负载统计!$K$5/60 -> 0 | AG371: 0 | AH371: 0 | AI371: 0 | AJ371: 0 | AK371: 0 | AL371: 0
A372: 173 | B372: 8610M7307-28V-控制 | C372: EATA86 电推进系统 | D372: 电驱系统8 | E372: 8611E01001G900 | F372: 8610M7307 | G372: =VLOOKUP(A372,负载电气特性!A:G,7,FALSE) -> 28 | H372: 否 | I372: 连续负载 | J372: 工作 | K372: 0.02 | L372: 1 | M372: 1 | N372: 1 | O372: 1 | P372: 1 | Q372: 1 | R372: 1 | S372: 1 | T372: 1 | U372: =_xlfn.LET(_xlpm.maxVal,_xlfn.MAXIFS($K:$K,$A:$A,A372),IF(AND(_xlpm.maxVal=K372,L372<>0),_xlpm.maxVal,"")) -> 0.02 | V372: =_xlfn.LET(_xlpm.maxVal,_xlfn.MAXIFS($K:$K,$A:$A,A372),IF(AND(_xlpm.maxVal=K372,M372<>0),_xlpm.maxVal,"")) -> 0.02 | W372: =_xlfn.LET(_xlpm.maxVal,_xlfn.MAXIFS($K:$K,$A:$A,A372),IF(AND(_xlpm.maxVal=K372,N372<>0),_xlpm.maxVal,"")) -> 0.02 | X372: =_xlfn.LET(_xlpm.maxVal,_xlfn.MAXIFS($K:$K,$A:$A,A372),IF(AND(_xlpm.maxVal=K372,O372<>0),_xlpm.maxVal,"")) -> 0.02 | Y372: =_xlfn.LET(_xlpm.maxVal,_xlfn.MAXIFS($K:$K,$A:$A,A372),IF(AND(_xlpm.maxVal=K372,P372<>0),_xlpm.maxVal,"")) -> 0.02 | Z372: =_xlfn.LET(_xlpm.maxVal,_xlfn.MAXIFS($K:$K,$A:$A,A372),IF(AND(_xlpm.maxVal=K372,Q372<>0),_xlpm.maxVal,"")) -> 0.02 | AA372: =_xlfn.LET(_xlpm.maxVal,_xlfn.MAXIFS($K:$K,$A:$A,A372),IF(AND(_xlpm.maxVal=K372,R372<>0),_xlpm.maxVal,"")) -> 0.02 | AB372: =_xlfn.LET(_xlpm.maxVal,_xlfn.MAXIFS($K:$K,$A:$A,A372),IF(AND(_xlpm.maxVal=K372,S372<>0),_xlpm.maxVal,"")) -> 0.02 | AC372: =_xlfn.LET(_xlpm.maxVal,_xlfn.MAXIFS($K:$K,$A:$A,A372),IF(AND(_xlpm.maxVal=K372,T372<>0),_xlpm.maxVal,"")) -> 0.02 | AD372: =$K372*L372*负载统计!$K$3/60 -> 0 | AE372: =$K372*L372*负载统计!$K$4/60 -> 0 | AF372: =$K372*N372*负载统计!$K$5/60 -> 0.00033333333 | AG372: =$K372*O372*负载统计!$K$6/60 -> 0.001 | AH372: =$K372*P372*负载统计!$K$7/60 -> 0.0022566667 | AI372: =$K372*Q372*负载统计!$K$8/60 -> 0.014533333 | AJ372: =$K372*R372*负载统计!$K$9/60 -> 0.0046166667 | AK372: =$K372*S372*负载统计!$K$10/60 -> 0.00016666667 | AL372: =$K372*T372*负载统计!$K$11/60 -> 0.0013333333
A373: 173 | B373: 8610M7307-28V-控制 | C373: EATA86 电推进系统 | D373: 电驱系统8 | E373: 8611E01001G900 | F373: 8610M7307 | G373: =VLOOKUP(A373,负载电气特性!A:G,7,FALSE) -> 28 | H373: 否 | I373: 连续负载 | J373: 关闭 | K373: 0 | L373: 0 | M373: 0 | N373: 0 | O373: 0 | P373: 0 | Q373: 0 | R373: 0 | S373: 0 | T373: 0 | U373: =_xlfn.LET(_xlpm.maxVal,_xlfn.MAXIFS($K:$K,$A:$A,A373),IF(AND(_xlpm.maxVal=K373,L373<>0),_xlpm.maxVal,"")) | V373: =_xlfn.LET(_xlpm.maxVal,_xlfn.MAXIFS($K:$K,$A:$A,A373),IF(AND(_xlpm.maxVal=K373,M373<>0),_xlpm.maxVal,"")) | W373: =_xlfn.LET(_xlpm.maxVal,_xlfn.MAXIFS($K:$K,$A:$A,A373),IF(AND(_xlpm.maxVal=K373,N373<>0),_xlpm.maxVal,"")) | X373: =_xlfn.LET(_xlpm.maxVal,_xlfn.MAXIFS($K:$K,$A:$A,A373),IF(AND(_xlpm.maxVal=K373,O373<>0),_xlpm.maxVal,"")) | Y373: =_xlfn.LET(_xlpm.maxVal,_xlfn.MAXIFS($K:$K,$A:$A,A373),IF(AND(_xlpm.maxVal=K373,P373<>0),_xlpm.maxVal,"")) | Z373: =_xlfn.LET(_xlpm.maxVal,_xlfn.MAXIFS($K:$K,$A:$A,A373),IF(AND(_xlpm.maxVal=K373,Q373<>0),_xlpm.maxVal,"")) | AA373: =_xlfn.LET(_xlpm.maxVal,_xlfn.MAXIFS($K:$K,$A:$A,A373),IF(AND(_xlpm.maxVal=K373,R373<>0),_xlpm.maxVal,"")) | AB373: =_xlfn.LET(_xlpm.maxVal,_xlfn.MAXIFS($K:$K,$A:$A,A373),IF(AND(_xlpm.maxVal=K373,S373<>0),_xlpm.maxVal,"")) | AC373: =_xlfn.LET(_xlpm.maxVal,_xlfn.MAXIFS($K:$K,$A:$A,A373),IF(AND(_xlpm.maxVal=K373,T373<>0),_xlpm.maxVal,"")) | AD373: =$K373*L373*负载统计!$K$3/60 -> 0 | AE373: =$K373*L373*负载统计!$K$4/60 -> 0 | AF373: =$K373*N373*负载统计!$K$5/60 -> 0 | AG373: =$K373*O373*负载统计!$K$6/60 -> 0 | AH373: =$K373*P373*负载统计!$K$7/60 -> 0 | AI373: =$K373*Q373*负载统计!$K$8/60 -> 0 | AJ373: =$K373*R373*负载统计!$K$9/60 -> 0 | AK373: =$K373*S373*负载统计!$K$10/60 -> 0 | AL373: =$K373*T373*负载统计!$K$11/60 -> 0
A374: 174 | B374: 8610M7307-800V-功率 | C374: EATA86 电推进系统 | D374: 电驱系统8 | E374: 8611E01001G900 | F374: 8610M7307 | G374: =VLOOKUP(A374,负载电气特性!A:G,7,FALSE) -> 800 | H374: 否 | I374: 连续负载 | J374: 工作 | K374: 200 | L374: 0 | M374: 0 | N374: 0 | O374: 0.29 | P374: 1 | Q374: 0.36 | R374: 0.086 | S374: 0.03 | T374: 0 | U374: =_xlfn.LET(_xlpm.maxVal,_xlfn.MAXIFS($K:$K,$A:$A,A374),IF(AND(_xlpm.maxVal=K374,L374<>0),_xlpm.maxVal,"")) | V374: =_xlfn.LET(_xlpm.maxVal,_xlfn.MAXIFS($K:$K,$A:$A,A374),IF(AND(_xlpm.maxVal=K374,M374<>0),_xlpm.maxVal,"")) | W374: =_xlfn.LET(_xlpm.maxVal,_xlfn.MAXIFS($K:$K,$A:$A,A374),IF(AND(_xlpm.maxVal=K374,N374<>0),_xlpm.maxVal,"")) | AC374: =_xlfn.LET(_xlpm.maxVal,_xlfn.MAXIFS($K:$K,$A:$A,A374),IF(AND(_xlpm.maxVal=K374,T374<>0),_xlpm.maxVal,"")) | AD374: =$K374*L374*负载统计!$K$3/60 -> 0 | AE374: =$K374*L374*负载统计!$K$4/60 -> 0 | AF374: =$K374*N374*负载统计!$K$5/60 -> 0 | AG374: 0 | AH374: 0 | AI374: 0 | AJ374: 0 | AK374: 0 | AL374: 0
A375: 174 | B375: 8610M7307-800V-功率 | C375: EATA86 电推进系统 | D375: 电驱系统8 | E375: 8611E01001G900 | F375: 8610M7307 | G375: =VLOOKUP(A375,负载电气特性!A:G,7,FALSE) -> 800 | H375: 否 | I375: 连续负载 | J375: 关闭 | K375: 0 | L375: 1 | M375: 1 | N375: 1 | O375: 0.7 | P375: 0 | Q375: 0.6 | R375: 0 | S375: 1 | T375: 1 | U375: =_xlfn.LET(_xlpm.maxVal,_xlfn.MAXIFS($K:$K,$A:$A,A375),IF(AND(_xlpm.maxVal=K375,L375<>0),_xlpm.maxVal,"")) | V375: =_xlfn.LET(_xlpm.maxVal,_xlfn.MAXIFS($K:$K,$A:$A,A375),IF(AND(_xlpm.maxVal=K375,M375<>0),_xlpm.maxVal,"")) | W375: =_xlfn.LET(_xlpm.maxVal,_xlfn.MAXIFS($K:$K,$A:$A,A375),IF(AND(_xlpm.maxVal=K375,N375<>0),_xlpm.maxVal,"")) | X375: =_xlfn.LET(_xlpm.maxVal,_xlfn.MAXIFS($K:$K,$A:$A,A375),IF(AND(_xlpm.maxVal=K375,O375<>0),_xlpm.maxVal,"")) | Y375: =_xlfn.LET(_xlpm.maxVal,_xlfn.MAXIFS($K:$K,$A:$A,A375),IF(AND(_xlpm.maxVal=K375,P375<>0),_xlpm.maxVal,"")) | Z375: =_xlfn.LET(_xlpm.maxVal,_xlfn.MAXIFS($K:$K,$A:$A,A375),IF(AND(_xlpm.maxVal=K375,Q375<>0),_xlpm.maxVal,"")) | AA375: =_xlfn.LET(_xlpm.maxVal,_xlfn.MAXIFS($K:$K,$A:$A,A375),IF(AND(_xlpm.maxVal=K375,R375<>0),_xlpm.maxVal,"")) | AB375: =_xlfn.LET(_xlpm.maxVal,_xlfn.MAXIFS($K:$K,$A:$A,A375),IF(AND(_xlpm.maxVal=K375,S375<>0),_xlpm.maxVal,"")) | AC375: =_xlfn.LET(_xlpm.maxVal,_xlfn.MAXIFS($K:$K,$A:$A,A375),IF(AND(_xlpm.maxVal=K375,T375<>0),_xlpm.maxVal,"")) | AD375: =$K375*L375*负载统计!$K$3/60 -> 0 | AE375: =$K375*L375*负载统计!$K$4/60 -> 0 | AF375: =$K375*N375*负载统计!$K$5/60 -> 0 | AG375: 0 | AH375: 0 | AI375: 0 | AJ375: 0 | AK375: 0 | AL375: 0
A376: 175 | B376: 8610M7407-28V-控制 | C376: EATA86 电推进系统 | D376: 电驱系统9 | E376: 8611E01001G900 | F376: 8610M7407 | G376: =VLOOKUP(A376,负载电气特性!A:G,7,FALSE) -> 28 | H376: 否 | I376: 连续负载 | J376: 工作 | K376: 0.02 | L376: 1 | M376: 1 | N376: 1 | O376: 1 | P376: 1 | Q376: 1 | R376: 1 | S376: 1 | T376: 1 | U376: =_xlfn.LET(_xlpm.maxVal,_xlfn.MAXIFS($K:$K,$A:$A,A376),IF(AND(_xlpm.maxVal=K376,L376<>0),_xlpm.maxVal,"")) -> 0.02 | V376: =_xlfn.LET(_xlpm.maxVal,_xlfn.MAXIFS($K:$K,$A:$A,A376),IF(AND(_xlpm.maxVal=K376,M376<>0),_xlpm.maxVal,"")) -> 0.02 | W376: =_xlfn.LET(_xlpm.maxVal,_xlfn.MAXIFS($K:$K,$A:$A,A376),IF(AND(_xlpm.maxVal=K376,N376<>0),_xlpm.maxVal,"")) -> 0.02 | X376: =_xlfn.LET(_xlpm.maxVal,_xlfn.MAXIFS($K:$K,$A:$A,A376),IF(AND(_xlpm.maxVal=K376,O376<>0),_xlpm.maxVal,"")) -> 0.02 | Y376: =_xlfn.LET(_xlpm.maxVal,_xlfn.MAXIFS($K:$K,$A:$A,A376),IF(AND(_xlpm.maxVal=K376,P376<>0),_xlpm.maxVal,"")) -> 0.02 | Z376: =_xlfn.LET(_xlpm.maxVal,_xlfn.MAXIFS($K:$K,$A:$A,A376),IF(AND(_xlpm.maxVal=K376,Q376<>0),_xlpm.maxVal,"")) -> 0.02 | AA376: =_xlfn.LET(_xlpm.maxVal,_xlfn.MAXIFS($K:$K,$A:$A,A376),IF(AND(_xlpm.maxVal=K376,R376<>0),_xlpm.maxVal,"")) -> 0.02 | AB376: =_xlfn.LET(_xlpm.maxVal,_xlfn.MAXIFS($K:$K,$A:$A,A376),IF(AND(_xlpm.maxVal=K376,S376<>0),_xlpm.maxVal,"")) -> 0.02 | AC376: =_xlfn.LET(_xlpm.maxVal,_xlfn.MAXIFS($K:$K,$A:$A,A376),IF(AND(_xlpm.maxVal=K376,T376<>0),_xlpm.maxVal,"")) -> 0.02 | AD376: =$K376*L376*负载统计!$K$3/60 -> 0 | AE376: =$K376*L376*负载统计!$K$4/60 -> 0 | AF376: =$K376*N376*负载统计!$K$5/60 -> 0.00033333333 | AG376: =$K376*O376*负载统计!$K$6/60 -> 0.001 | AH376: =$K376*P376*负载统计!$K$7/60 -> 0.0022566667 | AI376: =$K376*Q376*负载统计!$K$8/60 -> 0.014533333 | AJ376: =$K376*R376*负载统计!$K$9/60 -> 0.0046166667 | AK376: =$K376*S376*负载统计!$K$10/60 -> 0.00016666667 | AL376: =$K376*T376*负载统计!$K$11/60 -> 0.0013333333
A377: 175 | B377: 8610M7407-28V-控制 | C377: EATA86 电推进系统 | D377: 电驱系统9 | E377: 8611E01001G900 | F377: 8610M7407 | G377: =VLOOKUP(A377,负载电气特性!A:G,7,FALSE) -> 28 | H377: 否 | I377: 连续负载 | J377: 关闭 | K377: 0 | L377: 0 | M377: 0 | N377: 0 | O377: 0 | P377: 0 | Q377: 0 | R377: 0 | S377: 0 | T377: 0 | U377: =_xlfn.LET(_xlpm.maxVal,_xlfn.MAXIFS($K:$K,$A:$A,A377),IF(AND(_xlpm.maxVal=K377,L377<>0),_xlpm.maxVal,"")) | V377: =_xlfn.LET(_xlpm.maxVal,_xlfn.MAXIFS($K:$K,$A:$A,A377),IF(AND(_xlpm.maxVal=K377,M377<>0),_xlpm.maxVal,"")) | W377: =_xlfn.LET(_xlpm.maxVal,_xlfn.MAXIFS($K:$K,$A:$A,A377),IF(AND(_xlpm.maxVal=K377,N377<>0),_xlpm.maxVal,"")) | X377: =_xlfn.LET(_xlpm.maxVal,_xlfn.MAXIFS($K:$K,$A:$A,A377),IF(AND(_xlpm.maxVal=K377,O377<>0),_xlpm.maxVal,"")) | Y377: =_xlfn.LET(_xlpm.maxVal,_xlfn.MAXIFS($K:$K,$A:$A,A377),IF(AND(_xlpm.maxVal=K377,P377<>0),_xlpm.maxVal,"")) | Z377: =_xlfn.LET(_xlpm.maxVal,_xlfn.MAXIFS($K:$K,$A:$A,A377),IF(AND(_xlpm.maxVal=K377,Q377<>0),_xlpm.maxVal,"")) | AA377: =_xlfn.LET(_xlpm.maxVal,_xlfn.MAXIFS($K:$K,$A:$A,A377),IF(AND(_xlpm.maxVal=K377,R377<>0),_xlpm.maxVal,"")) | AB377: =_xlfn.LET(_xlpm.maxVal,_xlfn.MAXIFS($K:$K,$A:$A,A377),IF(AND(_xlpm.maxVal=K377,S377<>0),_xlpm.maxVal,"")) | AC377: =_xlfn.LET(_xlpm.maxVal,_xlfn.MAXIFS($K:$K,$A:$A,A377),IF(AND(_xlpm.maxVal=K377,T377<>0),_xlpm.maxVal,"")) | AD377: =$K377*L377*负载统计!$K$3/60 -> 0 | AE377: =$K377*L377*负载统计!$K$4/60 -> 0 | AF377: =$K377*N377*负载统计!$K$5/60 -> 0 | AG377: =$K377*O377*负载统计!$K$6/60 -> 0 | AH377: =$K377*P377*负载统计!$K$7/60 -> 0 | AI377: =$K377*Q377*负载统计!$K$8/60 -> 0 | AJ377: =$K377*R377*负载统计!$K$9/60 -> 0 | AK377: =$K377*S377*负载统计!$K$10/60 -> 0 | AL377: =$K377*T377*负载统计!$K$11/60 -> 0
A378: 176 | B378: 8610M7407-800V-功率 | C378: EATA86 电推进系统 | D378: 电驱系统9 | E378: 8611E01001G900 | F378: 8610M7407 | G378: =VLOOKUP(A378,负载电气特性!A:G,7,FALSE) -> 800 | H378: 否 | I378: 连续负载 | J378: 工作 | K378: 200 | L378: 0 | M378: 0 | N378: 0 | O378: 0.29 | P378: 1 | Q378: 0.36 | R378: 0.086 | S378: 0.03 | T378: 0 | U378: =_xlfn.LET(_xlpm.maxVal,_xlfn.MAXIFS($K:$K,$A:$A,A378),IF(AND(_xlpm.maxVal=K378,L378<>0),_xlpm.maxVal,"")) | V378: =_xlfn.LET(_xlpm.maxVal,_xlfn.MAXIFS($K:$K,$A:$A,A378),IF(AND(_xlpm.maxVal=K378,M378<>0),_xlpm.maxVal,"")) | W378: =_xlfn.LET(_xlpm.maxVal,_xlfn.MAXIFS($K:$K,$A:$A,A378),IF(AND(_xlpm.maxVal=K378,N378<>0),_xlpm.maxVal,"")) | AC378: =_xlfn.LET(_xlpm.maxVal,_xlfn.MAXIFS($K:$K,$A:$A,A378),IF(AND(_xlpm.maxVal=K378,T378<>0),_xlpm.maxVal,"")) | AD378: =$K378*L378*负载统计!$K$3/60 -> 0 | AE378: =$K378*L378*负载统计!$K$4/60 -> 0 | AF378: =$K378*N378*负载统计!$K$5/60 -> 0 | AG378: 0 | AH378: 0 | AI378: 0 | AJ378: 0 | AK378: 0 | AL378: 0
A379: 176 | B379: 8610M7407-800V-功率 | C379: EATA86 电推进系统 | D379: 电驱系统9 | E379: 8611E01001G900 | F379: 8610M7407 | G379: =VLOOKUP(A379,负载电气特性!A:G,7,FALSE) -> 800 | H379: 否 | I379: 连续负载 | J379: 关闭 | K379: 0 | L379: 1 | M379: 1 | N379: 1 | O379: 0.7 | P379: 0 | Q379: 0.6 | R379: 0 | S379: 1 | T379: 1 | U379: =_xlfn.LET(_xlpm.maxVal,_xlfn.MAXIFS($K:$K,$A:$A,A379),IF(AND(_xlpm.maxVal=K379,L379<>0),_xlpm.maxVal,"")) | V379: =_xlfn.LET(_xlpm.maxVal,_xlfn.MAXIFS($K:$K,$A:$A,A379),IF(AND(_xlpm.maxVal=K379,M379<>0),_xlpm.maxVal,"")) | W379: =_xlfn.LET(_xlpm.maxVal,_xlfn.MAXIFS($K:$K,$A:$A,A379),IF(AND(_xlpm.maxVal=K379,N379<>0),_xlpm.maxVal,"")) | X379: =_xlfn.LET(_xlpm.maxVal,_xlfn.MAXIFS($K:$K,$A:$A,A379),IF(AND(_xlpm.maxVal=K379,O379<>0),_xlpm.maxVal,"")) | Y379: =_xlfn.LET(_xlpm.maxVal,_xlfn.MAXIFS($K:$K,$A:$A,A379),IF(AND(_xlpm.maxVal=K379,P379<>0),_xlpm.maxVal,"")) | Z379: =_xlfn.LET(_xlpm.maxVal,_xlfn.MAXIFS($K:$K,$A:$A,A379),IF(AND(_xlpm.maxVal=K379,Q379<>0),_xlpm.maxVal,"")) | AA379: =_xlfn.LET(_xlpm.maxVal,_xlfn.MAXIFS($K:$K,$A:$A,A379),IF(AND(_xlpm.maxVal=K379,R379<>0),_xlpm.maxVal,"")) | AB379: =_xlfn.LET(_xlpm.maxVal,_xlfn.MAXIFS($K:$K,$A:$A,A379),IF(AND(_xlpm.maxVal=K379,S379<>0),_xlpm.maxVal,"")) | AC379: =_xlfn.LET(_xlpm.maxVal,_xlfn.MAXIFS($K:$K,$A:$A,A379),IF(AND(_xlpm.maxVal=K379,T379<>0),_xlpm.maxVal,"")) | AD379: =$K379*L379*负载统计!$K$3/60 -> 0 | AE379: =$K379*L379*负载统计!$K$4/60 -> 0 | AF379: =$K379*N379*负载统计!$K$5/60 -> 0 | AG379: 0 | AH379: 0 | AI379: 0 | AJ379: 0 | AK379: 0 | AL379: 0
A380: 177 | B380: 8610M7507-28V-控制 | C380: EATA86 电推进系统 | D380: 电驱系统10 | E380: 8611E01001G900 | F380: 8610M7507 | G380: =VLOOKUP(A380,负载电气特性!A:G,7,FALSE) -> 28 | H380: 否 | I380: 连续负载 | J380: 工作 | K380: 0.02 | L380: 1 | M380: 1 | N380: 1 | O380: 1 | P380: 1 | Q380: 1 | R380: 1 | S380: 1 | T380: 1 | U380: =_xlfn.LET(_xlpm.maxVal,_xlfn.MAXIFS($K:$K,$A:$A,A380),IF(AND(_xlpm.maxVal=K380,L380<>0),_xlpm.maxVal,"")) -> 0.02 | V380: =_xlfn.LET(_xlpm.maxVal,_xlfn.MAXIFS($K:$K,$A:$A,A380),IF(AND(_xlpm.maxVal=K380,M380<>0),_xlpm.maxVal,"")) -> 0.02 | W380: =_xlfn.LET(_xlpm.maxVal,_xlfn.MAXIFS($K:$K,$A:$A,A380),IF(AND(_xlpm.maxVal=K380,N380<>0),_xlpm.maxVal,"")) -> 0.02 | X380: =_xlfn.LET(_xlpm.maxVal,_xlfn.MAXIFS($K:$K,$A:$A,A380),IF(AND(_xlpm.maxVal=K380,O380<>0),_xlpm.maxVal,"")) -> 0.02 | Y380: =_xlfn.LET(_xlpm.maxVal,_xlfn.MAXIFS($K:$K,$A:$A,A380),IF(AND(_xlpm.maxVal=K380,P380<>0),_xlpm.maxVal,"")) -> 0.02 | Z380: =_xlfn.LET(_xlpm.maxVal,_xlfn.MAXIFS($K:$K,$A:$A,A380),IF(AND(_xlpm.maxVal=K380,Q380<>0),_xlpm.maxVal,"")) -> 0.02 | AA380: =_xlfn.LET(_xlpm.maxVal,_xlfn.MAXIFS($K:$K,$A:$A,A380),IF(AND(_xlpm.maxVal=K380,R380<>0),_xlpm.maxVal,"")) -> 0.02 | AB380: =_xlfn.LET(_xlpm.maxVal,_xlfn.MAXIFS($K:$K,$A:$A,A380),IF(AND(_xlpm.maxVal=K380,S380<>0),_xlpm.maxVal,"")) -> 0.02 | AC380: =_xlfn.LET(_xlpm.maxVal,_xlfn.MAXIFS($K:$K,$A:$A,A380),IF(AND(_xlpm.maxVal=K380,T380<>0),_xlpm.maxVal,"")) -> 0.02 | AD380: =$K380*L380*负载统计!$K$3/60 -> 0 | AE380: =$K380*L380*负载统计!$K$4/60 -> 0 | AF380: =$K380*N380*负载统计!$K$5/60 -> 0.00033333333 | AG380: =$K380*O380*负载统计!$K$6/60 -> 0.001 | AH380: =$K380*P380*负载统计!$K$7/60 -> 0.0022566667 | AI380: =$K380*Q380*负载统计!$K$8/60 -> 0.014533333 | AJ380: =$K380*R380*负载统计!$K$9/60 -> 0.0046166667 | AK380: =$K380*S380*负载统计!$K$10/60 -> 0.00016666667 | AL380: =$K380*T380*负载统计!$K$11/60 -> 0.0013333333
A381: 177 | B381: 8610M7507-28V-控制 | C381: EATA86 电推进系统 | D381: 电驱系统10 | E381: 8611E01001G900 | F381: 8610M7507 | G381: =VLOOKUP(A381,负载电气特性!A:G,7,FALSE) -> 28 | H381: 否 | I381: 连续负载 | J381: 关闭 | K381: 0 | L381: 0 | M381: 0 | N381: 0 | O381: 0 | P381: 0 | Q381: 0 | R381: 0 | S381: 0 | T381: 0 | U381: =_xlfn.LET(_xlpm.maxVal,_xlfn.MAXIFS($K:$K,$A:$A,A381),IF(AND(_xlpm.maxVal=K381,L381<>0),_xlpm.maxVal,"")) | V381: =_xlfn.LET(_xlpm.maxVal,_xlfn.MAXIFS($K:$K,$A:$A,A381),IF(AND(_xlpm.maxVal=K381,M381<>0),_xlpm.maxVal,"")) | W381: =_xlfn.LET(_xlpm.maxVal,_xlfn.MAXIFS($K:$K,$A:$A,A381),IF(AND(_xlpm.maxVal=K381,N381<>0),_xlpm.maxVal,"")) | X381: =_xlfn.LET(_xlpm.maxVal,_xlfn.MAXIFS($K:$K,$A:$A,A381),IF(AND(_xlpm.maxVal=K381,O381<>0),_xlpm.maxVal,"")) | Y381: =_xlfn.LET(_xlpm.maxVal,_xlfn.MAXIFS($K:$K,$A:$A,A381),IF(AND(_xlpm.maxVal=K381,P381<>0),_xlpm.maxVal,"")) | Z381: =_xlfn.LET(_xlpm.maxVal,_xlfn.MAXIFS($K:$K,$A:$A,A381),IF(AND(_xlpm.maxVal=K381,Q381<>0),_xlpm.maxVal,"")) | AA381: =_xlfn.LET(_xlpm.maxVal,_xlfn.MAXIFS($K:$K,$A:$A,A381),IF(AND(_xlpm.maxVal=K381,R381<>0),_xlpm.maxVal,"")) | AB381: =_xlfn.LET(_xlpm.maxVal,_xlfn.MAXIFS($K:$K,$A:$A,A381),IF(AND(_xlpm.maxVal=K381,S381<>0),_xlpm.maxVal,"")) | AC381: =_xlfn.LET(_xlpm.maxVal,_xlfn.MAXIFS($K:$K,$A:$A,A381),IF(AND(_xlpm.maxVal=K381,T381<>0),_xlpm.maxVal,"")) | AD381: =$K381*L381*负载统计!$K$3/60 -> 0 | AE381: =$K381*L381*负载统计!$K$4/60 -> 0 | AF381: =$K381*N381*负载统计!$K$5/60 -> 0 | AG381: =$K381*O381*负载统计!$K$6/60 -> 0 | AH381: =$K381*P381*负载统计!$K$7/60 -> 0 | AI381: =$K381*Q381*负载统计!$K$8/60 -> 0 | AJ381: =$K381*R381*负载统计!$K$9/60 -> 0 | AK381: =$K381*S381*负载统计!$K$10/60 -> 0 | AL381: =$K381*T381*负载统计!$K$11/60 -> 0
A382: 178 | B382: 8610M7507-800V-功率 | C382: EATA86 电推进系统 | D382: 电驱系统10 | E382: 8611E01001G900 | F382: 8610M7507 | G382: =VLOOKUP(A382,负载电气特性!A:G,7,FALSE) -> 800 | H382: 否 | I382: 连续负载 | J382: 工作 | K382: 200 | L382: 0 | M382: 0 | N382: 0 | O382: 0.29 | P382: 1 | Q382: 0.36 | R382: 0.086 | S382: 0.03 | T382: 0 | U382: =_xlfn.LET(_xlpm.maxVal,_xlfn.MAXIFS($K:$K,$A:$A,A382),IF(AND(_xlpm.maxVal=K382,L382<>0),_xlpm.maxVal,"")) | V382: =_xlfn.LET(_xlpm.maxVal,_xlfn.MAXIFS($K:$K,$A:$A,A382),IF(AND(_xlpm.maxVal=K382,M382<>0),_xlpm.maxVal,"")) | W382: =_xlfn.LET(_xlpm.maxVal,_xlfn.MAXIFS($K:$K,$A:$A,A382),IF(AND(_xlpm.maxVal=K382,N382<>0),_xlpm.maxVal,"")) | AC382: =_xlfn.LET(_xlpm.maxVal,_xlfn.MAXIFS($K:$K,$A:$A,A382),IF(AND(_xlpm.maxVal=K382,T382<>0),_xlpm.maxVal,"")) | AD382: =$K382*L382*负载统计!$K$3/60 -> 0 | AE382: =$K382*L382*负载统计!$K$4/60 -> 0 | AF382: =$K382*N382*负载统计!$K$5/60 -> 0 | AG382: 0 | AH382: 0 | AI382: 0 | AJ382: 0 | AK382: 0 | AL382: 0
A383: 178 | B383: 8610M7507-800V-功率 | C383: EATA86 电推进系统 | D383: 电驱系统10 | E383: 8611E01001G900 | F383: 8610M7507 | G383: =VLOOKUP(A383,负载电气特性!A:G,7,FALSE) -> 800 | H383: 否 | I383: 连续负载 | J383: 关闭 | K383: 0 | L383: 1 | M383: 1 | N383: 1 | O383: 0.7 | P383: 0 | Q383: 0.6 | R383: 0 | S383: 1 | T383: 1 | U383: =_xlfn.LET(_xlpm.maxVal,_xlfn.MAXIFS($K:$K,$A:$A,A383),IF(AND(_xlpm.maxVal=K383,L383<>0),_xlpm.maxVal,"")) | V383: =_xlfn.LET(_xlpm.maxVal,_xlfn.MAXIFS($K:$K,$A:$A,A383),IF(AND(_xlpm.maxVal=K383,M383<>0),_xlpm.maxVal,"")) | W383: =_xlfn.LET(_xlpm.maxVal,_xlfn.MAXIFS($K:$K,$A:$A,A383),IF(AND(_xlpm.maxVal=K383,N383<>0),_xlpm.maxVal,"")) | X383: =_xlfn.LET(_xlpm.maxVal,_xlfn.MAXIFS($K:$K,$A:$A,A383),IF(AND(_xlpm.maxVal=K383,O383<>0),_xlpm.maxVal,"")) | Y383: =_xlfn.LET(_xlpm.maxVal,_xlfn.MAXIFS($K:$K,$A:$A,A383),IF(AND(_xlpm.maxVal=K383,P383<>0),_xlpm.maxVal,"")) | Z383: =_xlfn.LET(_xlpm.maxVal,_xlfn.MAXIFS($K:$K,$A:$A,A383),IF(AND(_xlpm.maxVal=K383,Q383<>0),_xlpm.maxVal,"")) | AA383: =_xlfn.LET(_xlpm.maxVal,_xlfn.MAXIFS($K:$K,$A:$A,A383),IF(AND(_xlpm.maxVal=K383,R383<>0),_xlpm.maxVal,"")) | AB383: =_xlfn.LET(_xlpm.maxVal,_xlfn.MAXIFS($K:$K,$A:$A,A383),IF(AND(_xlpm.maxVal=K383,S383<>0),_xlpm.maxVal,"")) | AC383: =_xlfn.LET(_xlpm.maxVal,_xlfn.MAXIFS($K:$K,$A:$A,A383),IF(AND(_xlpm.maxVal=K383,T383<>0),_xlpm.maxVal,"")) | AD383: =$K383*L383*负载统计!$K$3/60 -> 0 | AE383: =$K383*L383*负载统计!$K$4/60 -> 0 | AF383: =$K383*N383*负载统计!$K$5/60 -> 0 | AG383: 0 | AH383: 0 | AI383: 0 | AJ383: 0 | AK383: 0 | AL383: 0
A384: 179 | B384: 8605Q4201-28V-1 | C384: EATA86 电推进系统 | D384: 构型A动力电池（含BMS与继电器开关）1 | E384: TBD | F384: 8605Q4201 | G384: =VLOOKUP(A384,负载电气特性!A:G,7,FALSE) -> 28 | H384: 否 | I384: 连续负载 | J384: 工作 | K384: 0.15 | L384: 1 | M384: 1 | N384: 1 | O384: 1 | P384: 1 | Q384: 1 | R384: 1 | S384: 1 | T384: 1 | U384: =_xlfn.LET(_xlpm.maxVal,_xlfn.MAXIFS($K:$K,$A:$A,A384),IF(AND(_xlpm.maxVal=K384,L384<>0),_xlpm.maxVal,"")) -> 0.15 | V384: =_xlfn.LET(_xlpm.maxVal,_xlfn.MAXIFS($K:$K,$A:$A,A384),IF(AND(_xlpm.maxVal=K384,M384<>0),_xlpm.maxVal,"")) -> 0.15 | W384: =_xlfn.LET(_xlpm.maxVal,_xlfn.MAXIFS($K:$K,$A:$A,A384),IF(AND(_xlpm.maxVal=K384,N384<>0),_xlpm.maxVal,"")) -> 0.15 | X384: =_xlfn.LET(_xlpm.maxVal,_xlfn.MAXIFS($K:$K,$A:$A,A384),IF(AND(_xlpm.maxVal=K384,O384<>0),_xlpm.maxVal,"")) -> 0.15 | Y384: =_xlfn.LET(_xlpm.maxVal,_xlfn.MAXIFS($K:$K,$A:$A,A384),IF(AND(_xlpm.maxVal=K384,P384<>0),_xlpm.maxVal,"")) -> 0.15 | Z384: =_xlfn.LET(_xlpm.maxVal,_xlfn.MAXIFS($K:$K,$A:$A,A384),IF(AND(_xlpm.maxVal=K384,Q384<>0),_xlpm.maxVal,"")) -> 0.15 | AA384: =_xlfn.LET(_xlpm.maxVal,_xlfn.MAXIFS($K:$K,$A:$A,A384),IF(AND(_xlpm.maxVal=K384,R384<>0),_xlpm.maxVal,"")) -> 0.15 | AB384: =_xlfn.LET(_xlpm.maxVal,_xlfn.MAXIFS($K:$K,$A:$A,A384),IF(AND(_xlpm.maxVal=K384,S384<>0),_xlpm.maxVal,"")) -> 0.15 | AC384: =_xlfn.LET(_xlpm.maxVal,_xlfn.MAXIFS($K:$K,$A:$A,A384),IF(AND(_xlpm.maxVal=K384,T384<>0),_xlpm.maxVal,"")) -> 0.15 | AD384: =$K384*L384*负载统计!$K$3/60 -> 0 | AE384: =$K384*L384*负载统计!$K$4/60 -> 0 | AF384: =$K384*N384*负载统计!$K$5/60 -> 0.0025 | AG384: =$K384*O384*负载统计!$K$6/60 -> 0.0075 | AH384: =$K384*P384*负载统计!$K$7/60 -> 0.016925 | AI384: =$K384*Q384*负载统计!$K$8/60 -> 0.109 | AJ384: =$K384*R384*负载统计!$K$9/60 -> 0.034625 | AK384: =$K384*S384*负载统计!$K$10/60 -> 0.00125 | AL384: =$K384*T384*负载统计!$K$11/60 -> 0.01
A385: 179 | B385: 8605Q4201-28V-1 | C385: EATA86 电推进系统 | D385: 构型A动力电池（含BMS与继电器开关）1 | E385: TBD | F385: 8605Q4201 | G385: =VLOOKUP(A385,负载电气特性!A:G,7,FALSE) -> 28 | H385: 否 | I385: 连续负载 | J385: 关闭 | K385: 0 | L385: 0 | M385: 0 | N385: 0 | O385: 0 | P385: 0 | Q385: 0 | R385: 0 | S385: 0 | T385: 0 | U385: =_xlfn.LET(_xlpm.maxVal,_xlfn.MAXIFS($K:$K,$A:$A,A385),IF(AND(_xlpm.maxVal=K385,L385<>0),_xlpm.maxVal,"")) | V385: =_xlfn.LET(_xlpm.maxVal,_xlfn.MAXIFS($K:$K,$A:$A,A385),IF(AND(_xlpm.maxVal=K385,M385<>0),_xlpm.maxVal,"")) | W385: =_xlfn.LET(_xlpm.maxVal,_xlfn.MAXIFS($K:$K,$A:$A,A385),IF(AND(_xlpm.maxVal=K385,N385<>0),_xlpm.maxVal,"")) | X385: =_xlfn.LET(_xlpm.maxVal,_xlfn.MAXIFS($K:$K,$A:$A,A385),IF(AND(_xlpm.maxVal=K385,O385<>0),_xlpm.maxVal,"")) | Y385: =_xlfn.LET(_xlpm.maxVal,_xlfn.MAXIFS($K:$K,$A:$A,A385),IF(AND(_xlpm.maxVal=K385,P385<>0),_xlpm.maxVal,"")) | Z385: =_xlfn.LET(_xlpm.maxVal,_xlfn.MAXIFS($K:$K,$A:$A,A385),IF(AND(_xlpm.maxVal=K385,Q385<>0),_xlpm.maxVal,"")) | AA385: =_xlfn.LET(_xlpm.maxVal,_xlfn.MAXIFS($K:$K,$A:$A,A385),IF(AND(_xlpm.maxVal=K385,R385<>0),_xlpm.maxVal,"")) | AB385: =_xlfn.LET(_xlpm.maxVal,_xlfn.MAXIFS($K:$K,$A:$A,A385),IF(AND(_xlpm.maxVal=K385,S385<>0),_xlpm.maxVal,"")) | AC385: =_xlfn.LET(_xlpm.maxVal,_xlfn.MAXIFS($K:$K,$A:$A,A385),IF(AND(_xlpm.maxVal=K385,T385<>0),_xlpm.maxVal,"")) | AD385: =$K385*L385*负载统计!$K$3/60 -> 0 | AE385: =$K385*L385*负载统计!$K$4/60 -> 0 | AF385: =$K385*N385*负载统计!$K$5/60 -> 0 | AG385: =$K385*O385*负载统计!$K$6/60 -> 0 | AH385: =$K385*P385*负载统计!$K$7/60 -> 0 | AI385: =$K385*Q385*负载统计!$K$8/60 -> 0 | AJ385: =$K385*R385*负载统计!$K$9/60 -> 0 | AK385: =$K385*S385*负载统计!$K$10/60 -> 0 | AL385: =$K385*T385*负载统计!$K$11/60 -> 0
A386: 180 | B386: 8605Q4201-28V-2 | C386: EATA86 电推进系统 | D386: 构型A动力电池（含BMS与继电器开关）1 | E386: TBD | F386: 8605Q4201 | G386: =VLOOKUP(A386,负载电气特性!A:G,7,FALSE) -> 28 | H386: 否 | I386: 连续负载 | J386: 工作 | K386: 0.15 | L386: 1 | M386: 1 | N386: 1 | O386: 1 | P386: 1 | Q386: 1 | R386: 1 | S386: 1 | T386: 1 | U386: =_xlfn.LET(_xlpm.maxVal,_xlfn.MAXIFS($K:$K,$A:$A,A386),IF(AND(_xlpm.maxVal=K386,L386<>0),_xlpm.maxVal,"")) -> 0.15 | V386: =_xlfn.LET(_xlpm.maxVal,_xlfn.MAXIFS($K:$K,$A:$A,A386),IF(AND(_xlpm.maxVal=K386,M386<>0),_xlpm.maxVal,"")) -> 0.15 | W386: =_xlfn.LET(_xlpm.maxVal,_xlfn.MAXIFS($K:$K,$A:$A,A386),IF(AND(_xlpm.maxVal=K386,N386<>0),_xlpm.maxVal,"")) -> 0.15 | X386: =_xlfn.LET(_xlpm.maxVal,_xlfn.MAXIFS($K:$K,$A:$A,A386),IF(AND(_xlpm.maxVal=K386,O386<>0),_xlpm.maxVal,"")) -> 0.15 | Y386: =_xlfn.LET(_xlpm.maxVal,_xlfn.MAXIFS($K:$K,$A:$A,A386),IF(AND(_xlpm.maxVal=K386,P386<>0),_xlpm.maxVal,"")) -> 0.15 | Z386: =_xlfn.LET(_xlpm.maxVal,_xlfn.MAXIFS($K:$K,$A:$A,A386),IF(AND(_xlpm.maxVal=K386,Q386<>0),_xlpm.maxVal,"")) -> 0.15 | AA386: =_xlfn.LET(_xlpm.maxVal,_xlfn.MAXIFS($K:$K,$A:$A,A386),IF(AND(_xlpm.maxVal=K386,R386<>0),_xlpm.maxVal,"")) -> 0.15 | AB386: =_xlfn.LET(_xlpm.maxVal,_xlfn.MAXIFS($K:$K,$A:$A,A386),IF(AND(_xlpm.maxVal=K386,S386<>0),_xlpm.maxVal,"")) -> 0.15 | AC386: =_xlfn.LET(_xlpm.maxVal,_xlfn.MAXIFS($K:$K,$A:$A,A386),IF(AND(_xlpm.maxVal=K386,T386<>0),_xlpm.maxVal,"")) -> 0.15 | AD386: =$K386*L386*负载统计!$K$3/60 -> 0 | AE386: =$K386*L386*负载统计!$K$4/60 -> 0 | AF386: =$K386*N386*负载统计!$K$5/60 -> 0.0025 | AG386: =$K386*O386*负载统计!$K$6/60 -> 0.0075 | AH386: =$K386*P386*负载统计!$K$7/60 -> 0.016925 | AI386: =$K386*Q386*负载统计!$K$8/60 -> 0.109 | AJ386: =$K386*R386*负载统计!$K$9/60 -> 0.034625 | AK386: =$K386*S386*负载统计!$K$10/60 -> 0.00125 | AL386: =$K386*T386*负载统计!$K$11/60 -> 0.01
A387: 180 | B387: 8605Q4201-28V-2 | C387: EATA86 电推进系统 | D387: 构型A动力电池（含BMS与继电器开关）1 | E387: TBD | F387: 8605Q4201 | G387: =VLOOKUP(A387,负载电气特性!A:G,7,FALSE) -> 28 | H387: 否 | I387: 连续负载 | J387: 关闭 | K387: 0 | L387: 0 | M387: 0 | N387: 0 | O387: 0 | P387: 0 | Q387: 0 | R387: 0 | S387: 0 | T387: 0 | U387: =_xlfn.LET(_xlpm.maxVal,_xlfn.MAXIFS($K:$K,$A:$A,A387),IF(AND(_xlpm.maxVal=K387,L387<>0),_xlpm.maxVal,"")) | V387: =_xlfn.LET(_xlpm.maxVal,_xlfn.MAXIFS($K:$K,$A:$A,A387),IF(AND(_xlpm.maxVal=K387,M387<>0),_xlpm.maxVal,"")) | W387: =_xlfn.LET(_xlpm.maxVal,_xlfn.MAXIFS($K:$K,$A:$A,A387),IF(AND(_xlpm.maxVal=K387,N387<>0),_xlpm.maxVal,"")) | X387: =_xlfn.LET(_xlpm.maxVal,_xlfn.MAXIFS($K:$K,$A:$A,A387),IF(AND(_xlpm.maxVal=K387,O387<>0),_xlpm.maxVal,"")) | Y387: =_xlfn.LET(_xlpm.maxVal,_xlfn.MAXIFS($K:$K,$A:$A,A387),IF(AND(_xlpm.maxVal=K387,P387<>0),_xlpm.maxVal,"")) | Z387: =_xlfn.LET(_xlpm.maxVal,_xlfn.MAXIFS($K:$K,$A:$A,A387),IF(AND(_xlpm.maxVal=K387,Q387<>0),_xlpm.maxVal,"")) | AA387: =_xlfn.LET(_xlpm.maxVal,_xlfn.MAXIFS($K:$K,$A:$A,A387),IF(AND(_xlpm.maxVal=K387,R387<>0),_xlpm.maxVal,"")) | AB387: =_xlfn.LET(_xlpm.maxVal,_xlfn.MAXIFS($K:$K,$A:$A,A387),IF(AND(_xlpm.maxVal=K387,S387<>0),_xlpm.maxVal,"")) | AC387: =_xlfn.LET(_xlpm.maxVal,_xlfn.MAXIFS($K:$K,$A:$A,A387),IF(AND(_xlpm.maxVal=K387,T387<>0),_xlpm.maxVal,"")) | AD387: =$K387*L387*负载统计!$K$3/60 -> 0 | AE387: =$K387*L387*负载统计!$K$4/60 -> 0 | AF387: =$K387*N387*负载统计!$K$5/60 -> 0 | AG387: =$K387*O387*负载统计!$K$6/60 -> 0 | AH387: =$K387*P387*负载统计!$K$7/60 -> 0 | AI387: =$K387*Q387*负载统计!$K$8/60 -> 0 | AJ387: =$K387*R387*负载统计!$K$9/60 -> 0 | AK387: =$K387*S387*负载统计!$K$10/60 -> 0 | AL387: =$K387*T387*负载统计!$K$11/60 -> 0
A388: 181 | B388: 8605Q4301-28V-1 | C388: EATA86 电推进系统 | D388: 构型A动力电池（含BMS与继电器开关）2 | E388: TBD | F388: 8605Q4301 | G388: =VLOOKUP(A388,负载电气特性!A:G,7,FALSE) -> 28 | H388: 否 | I388: 连续负载 | J388: 工作 | K388: 0.15 | L388: 1 | M388: 1 | N388: 1 | O388: 1 | P388: 1 | Q388: 1 | R388: 1 | S388: 1 | T388: 1 | U388: =_xlfn.LET(_xlpm.maxVal,_xlfn.MAXIFS($K:$K,$A:$A,A388),IF(AND(_xlpm.maxVal=K388,L388<>0),_xlpm.maxVal,"")) -> 0.15 | V388: =_xlfn.LET(_xlpm.maxVal,_xlfn.MAXIFS($K:$K,$A:$A,A388),IF(AND(_xlpm.maxVal=K388,M388<>0),_xlpm.maxVal,"")) -> 0.15 | W388: =_xlfn.LET(_xlpm.maxVal,_xlfn.MAXIFS($K:$K,$A:$A,A388),IF(AND(_xlpm.maxVal=K388,N388<>0),_xlpm.maxVal,"")) -> 0.15 | X388: =_xlfn.LET(_xlpm.maxVal,_xlfn.MAXIFS($K:$K,$A:$A,A388),IF(AND(_xlpm.maxVal=K388,O388<>0),_xlpm.maxVal,"")) -> 0.15 | Y388: =_xlfn.LET(_xlpm.maxVal,_xlfn.MAXIFS($K:$K,$A:$A,A388),IF(AND(_xlpm.maxVal=K388,P388<>0),_xlpm.maxVal,"")) -> 0.15 | Z388: =_xlfn.LET(_xlpm.maxVal,_xlfn.MAXIFS($K:$K,$A:$A,A388),IF(AND(_xlpm.maxVal=K388,Q388<>0),_xlpm.maxVal,"")) -> 0.15 | AA388: =_xlfn.LET(_xlpm.maxVal,_xlfn.MAXIFS($K:$K,$A:$A,A388),IF(AND(_xlpm.maxVal=K388,R388<>0),_xlpm.maxVal,"")) -> 0.15 | AB388: =_xlfn.LET(_xlpm.maxVal,_xlfn.MAXIFS($K:$K,$A:$A,A388),IF(AND(_xlpm.maxVal=K388,S388<>0),_xlpm.maxVal,"")) -> 0.15 | AC388: =_xlfn.LET(_xlpm.maxVal,_xlfn.MAXIFS($K:$K,$A:$A,A388),IF(AND(_xlpm.maxVal=K388,T388<>0),_xlpm.maxVal,"")) -> 0.15 | AD388: =$K388*L388*负载统计!$K$3/60 -> 0 | AE388: =$K388*L388*负载统计!$K$4/60 -> 0 | AF388: =$K388*N388*负载统计!$K$5/60 -> 0.0025 | AG388: =$K388*O388*负载统计!$K$6/60 -> 0.0075 | AH388: =$K388*P388*负载统计!$K$7/60 -> 0.016925 | AI388: =$K388*Q388*负载统计!$K$8/60 -> 0.109 | AJ388: =$K388*R388*负载统计!$K$9/60 -> 0.034625 | AK388: =$K388*S388*负载统计!$K$10/60 -> 0.00125 | AL388: =$K388*T388*负载统计!$K$11/60 -> 0.01
A389: 181 | B389: 8605Q4301-28V-1 | C389: EATA86 电推进系统 | D389: 构型A动力电池（含BMS与继电器开关）2 | E389: TBD | F389: 8605Q4301 | G389: =VLOOKUP(A389,负载电气特性!A:G,7,FALSE) -> 28 | H389: 否 | I389: 连续负载 | J389: 关闭 | K389: 0 | L389: 0 | M389: 0 | N389: 0 | O389: 0 | P389: 0 | Q389: 0 | R389: 0 | S389: 0 | T389: 0 | U389: =_xlfn.LET(_xlpm.maxVal,_xlfn.MAXIFS($K:$K,$A:$A,A389),IF(AND(_xlpm.maxVal=K389,L389<>0),_xlpm.maxVal,"")) | V389: =_xlfn.LET(_xlpm.maxVal,_xlfn.MAXIFS($K:$K,$A:$A,A389),IF(AND(_xlpm.maxVal=K389,M389<>0),_xlpm.maxVal,"")) | W389: =_xlfn.LET(_xlpm.maxVal,_xlfn.MAXIFS($K:$K,$A:$A,A389),IF(AND(_xlpm.maxVal=K389,N389<>0),_xlpm.maxVal,"")) | X389: =_xlfn.LET(_xlpm.maxVal,_xlfn.MAXIFS($K:$K,$A:$A,A389),IF(AND(_xlpm.maxVal=K389,O389<>0),_xlpm.maxVal,"")) | Y389: =_xlfn.LET(_xlpm.maxVal,_xlfn.MAXIFS($K:$K,$A:$A,A389),IF(AND(_xlpm.maxVal=K389,P389<>0),_xlpm.maxVal,"")) | Z389: =_xlfn.LET(_xlpm.maxVal,_xlfn.MAXIFS($K:$K,$A:$A,A389),IF(AND(_xlpm.maxVal=K389,Q389<>0),_xlpm.maxVal,"")) | AA389: =_xlfn.LET(_xlpm.maxVal,_xlfn.MAXIFS($K:$K,$A:$A,A389),IF(AND(_xlpm.maxVal=K389,R389<>0),_xlpm.maxVal,"")) | AB389: =_xlfn.LET(_xlpm.maxVal,_xlfn.MAXIFS($K:$K,$A:$A,A389),IF(AND(_xlpm.maxVal=K389,S389<>0),_xlpm.maxVal,"")) | AC389: =_xlfn.LET(_xlpm.maxVal,_xlfn.MAXIFS($K:$K,$A:$A,A389),IF(AND(_xlpm.maxVal=K389,T389<>0),_xlpm.maxVal,"")) | AD389: =$K389*L389*负载统计!$K$3/60 -> 0 | AE389: =$K389*L389*负载统计!$K$4/60 -> 0 | AF389: =$K389*N389*负载统计!$K$5/60 -> 0 | AG389: =$K389*O389*负载统计!$K$6/60 -> 0 | AH389: =$K389*P389*负载统计!$K$7/60 -> 0 | AI389: =$K389*Q389*负载统计!$K$8/60 -> 0 | AJ389: =$K389*R389*负载统计!$K$9/60 -> 0 | AK389: =$K389*S389*负载统计!$K$10/60 -> 0 | AL389: =$K389*T389*负载统计!$K$11/60 -> 0
A390: 182 | B390: 8605Q4301-28V-2 | C390: EATA86 电推进系统 | D390: 构型A动力电池（含BMS与继电器开关）2 | E390: TBD | F390: 8605Q4301 | G390: =VLOOKUP(A390,负载电气特性!A:G,7,FALSE) -> 28 | H390: 否 | I390: 连续负载 | J390: 工作 | K390: 0.15 | L390: 1 | M390: 1 | N390: 1 | O390: 1 | P390: 1 | Q390: 1 | R390: 1 | S390: 1 | T390: 1 | U390: =_xlfn.LET(_xlpm.maxVal,_xlfn.MAXIFS($K:$K,$A:$A,A390),IF(AND(_xlpm.maxVal=K390,L390<>0),_xlpm.maxVal,"")) -> 0.15 | V390: =_xlfn.LET(_xlpm.maxVal,_xlfn.MAXIFS($K:$K,$A:$A,A390),IF(AND(_xlpm.maxVal=K390,M390<>0),_xlpm.maxVal,"")) -> 0.15 | W390: =_xlfn.LET(_xlpm.maxVal,_xlfn.MAXIFS($K:$K,$A:$A,A390),IF(AND(_xlpm.maxVal=K390,N390<>0),_xlpm.maxVal,"")) -> 0.15 | X390: =_xlfn.LET(_xlpm.maxVal,_xlfn.MAXIFS($K:$K,$A:$A,A390),IF(AND(_xlpm.maxVal=K390,O390<>0),_xlpm.maxVal,"")) -> 0.15 | Y390: =_xlfn.LET(_xlpm.maxVal,_xlfn.MAXIFS($K:$K,$A:$A,A390),IF(AND(_xlpm.maxVal=K390,P390<>0),_xlpm.maxVal,"")) -> 0.15 | Z390: =_xlfn.LET(_xlpm.maxVal,_xlfn.MAXIFS($K:$K,$A:$A,A390),IF(AND(_xlpm.maxVal=K390,Q390<>0),_xlpm.maxVal,"")) -> 0.15 | AA390: =_xlfn.LET(_xlpm.maxVal,_xlfn.MAXIFS($K:$K,$A:$A,A390),IF(AND(_xlpm.maxVal=K390,R390<>0),_xlpm.maxVal,"")) -> 0.15 | AB390: =_xlfn.LET(_xlpm.maxVal,_xlfn.MAXIFS($K:$K,$A:$A,A390),IF(AND(_xlpm.maxVal=K390,S390<>0),_xlpm.maxVal,"")) -> 0.15 | AC390: =_xlfn.LET(_xlpm.maxVal,_xlfn.MAXIFS($K:$K,$A:$A,A390),IF(AND(_xlpm.maxVal=K390,T390<>0),_xlpm.maxVal,"")) -> 0.15 | AD390: =$K390*L390*负载统计!$K$3/60 -> 0 | AE390: =$K390*L390*负载统计!$K$4/60 -> 0 | AF390: =$K390*N390*负载统计!$K$5/60 -> 0.0025 | AG390: =$K390*O390*负载统计!$K$6/60 -> 0.0075 | AH390: =$K390*P390*负载统计!$K$7/60 -> 0.016925 | AI390: =$K390*Q390*负载统计!$K$8/60 -> 0.109 | AJ390: =$K390*R390*负载统计!$K$9/60 -> 0.034625 | AK390: =$K390*S390*负载统计!$K$10/60 -> 0.00125 | AL390: =$K390*T390*负载统计!$K$11/60 -> 0.01
A391: 182 | B391: 8605Q4301-28V-2 | C391: EATA86 电推进系统 | D391: 构型A动力电池（含BMS与继电器开关）2 | E391: TBD | F391: 8605Q4301 | G391: =VLOOKUP(A391,负载电气特性!A:G,7,FALSE) -> 28 | H391: 否 | I391: 连续负载 | J391: 关闭 | K391: 0 | L391: 0 | M391: 0 | N391: 0 | O391: 0 | P391: 0 | Q391: 0 | R391: 0 | S391: 0 | T391: 0 | U391: =_xlfn.LET(_xlpm.maxVal,_xlfn.MAXIFS($K:$K,$A:$A,A391),IF(AND(_xlpm.maxVal=K391,L391<>0),_xlpm.maxVal,"")) | V391: =_xlfn.LET(_xlpm.maxVal,_xlfn.MAXIFS($K:$K,$A:$A,A391),IF(AND(_xlpm.maxVal=K391,M391<>0),_xlpm.maxVal,"")) | W391: =_xlfn.LET(_xlpm.maxVal,_xlfn.MAXIFS($K:$K,$A:$A,A391),IF(AND(_xlpm.maxVal=K391,N391<>0),_xlpm.maxVal,"")) | X391: =_xlfn.LET(_xlpm.maxVal,_xlfn.MAXIFS($K:$K,$A:$A,A391),IF(AND(_xlpm.maxVal=K391,O391<>0),_xlpm.maxVal,"")) | Y391: =_xlfn.LET(_xlpm.maxVal,_xlfn.MAXIFS($K:$K,$A:$A,A391),IF(AND(_xlpm.maxVal=K391,P391<>0),_xlpm.maxVal,"")) | Z391: =_xlfn.LET(_xlpm.maxVal,_xlfn.MAXIFS($K:$K,$A:$A,A391),IF(AND(_xlpm.maxVal=K391,Q391<>0),_xlpm.maxVal,"")) | AA391: =_xlfn.LET(_xlpm.maxVal,_xlfn.MAXIFS($K:$K,$A:$A,A391),IF(AND(_xlpm.maxVal=K391,R391<>0),_xlpm.maxVal,"")) | AB391: =_xlfn.LET(_xlpm.maxVal,_xlfn.MAXIFS($K:$K,$A:$A,A391),IF(AND(_xlpm.maxVal=K391,S391<>0),_xlpm.maxVal,"")) | AC391: =_xlfn.LET(_xlpm.maxVal,_xlfn.MAXIFS($K:$K,$A:$A,A391),IF(AND(_xlpm.maxVal=K391,T391<>0),_xlpm.maxVal,"")) | AD391: =$K391*L391*负载统计!$K$3/60 -> 0 | AE391: =$K391*L391*负载统计!$K$4/60 -> 0 | AF391: =$K391*N391*负载统计!$K$5/60 -> 0 | AG391: =$K391*O391*负载统计!$K$6/60 -> 0 | AH391: =$K391*P391*负载统计!$K$7/60 -> 0 | AI391: =$K391*Q391*负载统计!$K$8/60 -> 0 | AJ391: =$K391*R391*负载统计!$K$9/60 -> 0 | AK391: =$K391*S391*负载统计!$K$10/60 -> 0 | AL391: =$K391*T391*负载统计!$K$11/60 -> 0
A392: 183 | B392: 8605Q4401-28V-1 | C392: EATA86 电推进系统 | D392: 构型A动力电池（含BMS与继电器开关）3 | E392: TBD | F392: 8605Q4401 | G392: =VLOOKUP(A392,负载电气特性!A:G,7,FALSE) -> 28 | H392: 否 | I392: 连续负载 | J392: 工作 | K392: 0.15 | L392: 1 | M392: 1 | N392: 1 | O392: 1 | P392: 1 | Q392: 1 | R392: 1 | S392: 1 | T392: 1 | U392: =_xlfn.LET(_xlpm.maxVal,_xlfn.MAXIFS($K:$K,$A:$A,A392),IF(AND(_xlpm.maxVal=K392,L392<>0),_xlpm.maxVal,"")) -> 0.15 | V392: =_xlfn.LET(_xlpm.maxVal,_xlfn.MAXIFS($K:$K,$A:$A,A392),IF(AND(_xlpm.maxVal=K392,M392<>0),_xlpm.maxVal,"")) -> 0.15 | W392: =_xlfn.LET(_xlpm.maxVal,_xlfn.MAXIFS($K:$K,$A:$A,A392),IF(AND(_xlpm.maxVal=K392,N392<>0),_xlpm.maxVal,"")) -> 0.15 | X392: =_xlfn.LET(_xlpm.maxVal,_xlfn.MAXIFS($K:$K,$A:$A,A392),IF(AND(_xlpm.maxVal=K392,O392<>0),_xlpm.maxVal,"")) -> 0.15 | Y392: =_xlfn.LET(_xlpm.maxVal,_xlfn.MAXIFS($K:$K,$A:$A,A392),IF(AND(_xlpm.maxVal=K392,P392<>0),_xlpm.maxVal,"")) -> 0.15 | Z392: =_xlfn.LET(_xlpm.maxVal,_xlfn.MAXIFS($K:$K,$A:$A,A392),IF(AND(_xlpm.maxVal=K392,Q392<>0),_xlpm.maxVal,"")) -> 0.15 | AA392: =_xlfn.LET(_xlpm.maxVal,_xlfn.MAXIFS($K:$K,$A:$A,A392),IF(AND(_xlpm.maxVal=K392,R392<>0),_xlpm.maxVal,"")) -> 0.15 | AB392: =_xlfn.LET(_xlpm.maxVal,_xlfn.MAXIFS($K:$K,$A:$A,A392),IF(AND(_xlpm.maxVal=K392,S392<>0),_xlpm.maxVal,"")) -> 0.15 | AC392: =_xlfn.LET(_xlpm.maxVal,_xlfn.MAXIFS($K:$K,$A:$A,A392),IF(AND(_xlpm.maxVal=K392,T392<>0),_xlpm.maxVal,"")) -> 0.15 | AD392: =$K392*L392*负载统计!$K$3/60 -> 0 | AE392: =$K392*L392*负载统计!$K$4/60 -> 0 | AF392: =$K392*N392*负载统计!$K$5/60 -> 0.0025 | AG392: =$K392*O392*负载统计!$K$6/60 -> 0.0075 | AH392: =$K392*P392*负载统计!$K$7/60 -> 0.016925 | AI392: =$K392*Q392*负载统计!$K$8/60 -> 0.109 | AJ392: =$K392*R392*负载统计!$K$9/60 -> 0.034625 | AK392: =$K392*S392*负载统计!$K$10/60 -> 0.00125 | AL392: =$K392*T392*负载统计!$K$11/60 -> 0.01
A393: 183 | B393: 8605Q4401-28V-1 | C393: EATA86 电推进系统 | D393: 构型A动力电池（含BMS与继电器开关）3 | E393: TBD | F393: 8605Q4401 | G393: =VLOOKUP(A393,负载电气特性!A:G,7,FALSE) -> 28 | H393: 否 | I393: 连续负载 | J393: 关闭 | K393: 0 | L393: 0 | M393: 0 | N393: 0 | O393: 0 | P393: 0 | Q393: 0 | R393: 0 | S393: 0 | T393: 0 | U393: =_xlfn.LET(_xlpm.maxVal,_xlfn.MAXIFS($K:$K,$A:$A,A393),IF(AND(_xlpm.maxVal=K393,L393<>0),_xlpm.maxVal,"")) | V393: =_xlfn.LET(_xlpm.maxVal,_xlfn.MAXIFS($K:$K,$A:$A,A393),IF(AND(_xlpm.maxVal=K393,M393<>0),_xlpm.maxVal,"")) | W393: =_xlfn.LET(_xlpm.maxVal,_xlfn.MAXIFS($K:$K,$A:$A,A393),IF(AND(_xlpm.maxVal=K393,N393<>0),_xlpm.maxVal,"")) | X393: =_xlfn.LET(_xlpm.maxVal,_xlfn.MAXIFS($K:$K,$A:$A,A393),IF(AND(_xlpm.maxVal=K393,O393<>0),_xlpm.maxVal,"")) | Y393: =_xlfn.LET(_xlpm.maxVal,_xlfn.MAXIFS($K:$K,$A:$A,A393),IF(AND(_xlpm.maxVal=K393,P393<>0),_xlpm.maxVal,"")) | Z393: =_xlfn.LET(_xlpm.maxVal,_xlfn.MAXIFS($K:$K,$A:$A,A393),IF(AND(_xlpm.maxVal=K393,Q393<>0),_xlpm.maxVal,"")) | AA393: =_xlfn.LET(_xlpm.maxVal,_xlfn.MAXIFS($K:$K,$A:$A,A393),IF(AND(_xlpm.maxVal=K393,R393<>0),_xlpm.maxVal,"")) | AB393: =_xlfn.LET(_xlpm.maxVal,_xlfn.MAXIFS($K:$K,$A:$A,A393),IF(AND(_xlpm.maxVal=K393,S393<>0),_xlpm.maxVal,"")) | AC393: =_xlfn.LET(_xlpm.maxVal,_xlfn.MAXIFS($K:$K,$A:$A,A393),IF(AND(_xlpm.maxVal=K393,T393<>0),_xlpm.maxVal,"")) | AD393: =$K393*L393*负载统计!$K$3/60 -> 0 | AE393: =$K393*L393*负载统计!$K$4/60 -> 0 | AF393: =$K393*N393*负载统计!$K$5/60 -> 0 | AG393: =$K393*O393*负载统计!$K$6/60 -> 0 | AH393: =$K393*P393*负载统计!$K$7/60 -> 0 | AI393: =$K393*Q393*负载统计!$K$8/60 -> 0 | AJ393: =$K393*R393*负载统计!$K$9/60 -> 0 | AK393: =$K393*S393*负载统计!$K$10/60 -> 0 | AL393: =$K393*T393*负载统计!$K$11/60 -> 0
A394: 184 | B394: 8605Q4401-28V-2 | C394: EATA86 电推进系统 | D394: 构型A动力电池（含BMS与继电器开关）3 | E394: TBD | F394: 8605Q4401 | G394: =VLOOKUP(A394,负载电气特性!A:G,7,FALSE) -> 28 | H394: 否 | I394: 连续负载 | J394: 工作 | K394: 0.15 | L394: 1 | M394: 1 | N394: 1 | O394: 1 | P394: 1 | Q394: 1 | R394: 1 | S394: 1 | T394: 1 | U394: =_xlfn.LET(_xlpm.maxVal,_xlfn.MAXIFS($K:$K,$A:$A,A394),IF(AND(_xlpm.maxVal=K394,L394<>0),_xlpm.maxVal,"")) -> 0.15 | V394: =_xlfn.LET(_xlpm.maxVal,_xlfn.MAXIFS($K:$K,$A:$A,A394),IF(AND(_xlpm.maxVal=K394,M394<>0),_xlpm.maxVal,"")) -> 0.15 | W394: =_xlfn.LET(_xlpm.maxVal,_xlfn.MAXIFS($K:$K,$A:$A,A394),IF(AND(_xlpm.maxVal=K394,N394<>0),_xlpm.maxVal,"")) -> 0.15 | X394: =_xlfn.LET(_xlpm.maxVal,_xlfn.MAXIFS($K:$K,$A:$A,A394),IF(AND(_xlpm.maxVal=K394,O394<>0),_xlpm.maxVal,"")) -> 0.15 | Y394: =_xlfn.LET(_xlpm.maxVal,_xlfn.MAXIFS($K:$K,$A:$A,A394),IF(AND(_xlpm.maxVal=K394,P394<>0),_xlpm.maxVal,"")) -> 0.15 | Z394: =_xlfn.LET(_xlpm.maxVal,_xlfn.MAXIFS($K:$K,$A:$A,A394),IF(AND(_xlpm.maxVal=K394,Q394<>0),_xlpm.maxVal,"")) -> 0.15 | AA394: =_xlfn.LET(_xlpm.maxVal,_xlfn.MAXIFS($K:$K,$A:$A,A394),IF(AND(_xlpm.maxVal=K394,R394<>0),_xlpm.maxVal,"")) -> 0.15 | AB394: =_xlfn.LET(_xlpm.maxVal,_xlfn.MAXIFS($K:$K,$A:$A,A394),IF(AND(_xlpm.maxVal=K394,S394<>0),_xlpm.maxVal,"")) -> 0.15 | AC394: =_xlfn.LET(_xlpm.maxVal,_xlfn.MAXIFS($K:$K,$A:$A,A394),IF(AND(_xlpm.maxVal=K394,T394<>0),_xlpm.maxVal,"")) -> 0.15 | AD394: =$K394*L394*负载统计!$K$3/60 -> 0 | AE394: =$K394*L394*负载统计!$K$4/60 -> 0 | AF394: =$K394*N394*负载统计!$K$5/60 -> 0.0025 | AG394: =$K394*O394*负载统计!$K$6/60 -> 0.0075 | AH394: =$K394*P394*负载统计!$K$7/60 -> 0.016925 | AI394: =$K394*Q394*负载统计!$K$8/60 -> 0.109 | AJ394: =$K394*R394*负载统计!$K$9/60 -> 0.034625 | AK394: =$K394*S394*负载统计!$K$10/60 -> 0.00125 | AL394: =$K394*T394*负载统计!$K$11/60 -> 0.01
A395: 184 | B395: 8605Q4401-28V-2 | C395: EATA86 电推进系统 | D395: 构型A动力电池（含BMS与继电器开关）3 | E395: TBD | F395: 8605Q4401 | G395: =VLOOKUP(A395,负载电气特性!A:G,7,FALSE) -> 28 | H395: 否 | I395: 连续负载 | J395: 关闭 | K395: 0 | L395: 0 | M395: 0 | N395: 0 | O395: 0 | P395: 0 | Q395: 0 | R395: 0 | S395: 0 | T395: 0 | U395: =_xlfn.LET(_xlpm.maxVal,_xlfn.MAXIFS($K:$K,$A:$A,A395),IF(AND(_xlpm.maxVal=K395,L395<>0),_xlpm.maxVal,"")) | V395: =_xlfn.LET(_xlpm.maxVal,_xlfn.MAXIFS($K:$K,$A:$A,A395),IF(AND(_xlpm.maxVal=K395,M395<>0),_xlpm.maxVal,"")) | W395: =_xlfn.LET(_xlpm.maxVal,_xlfn.MAXIFS($K:$K,$A:$A,A395),IF(AND(_xlpm.maxVal=K395,N395<>0),_xlpm.maxVal,"")) | X395: =_xlfn.LET(_xlpm.maxVal,_xlfn.MAXIFS($K:$K,$A:$A,A395),IF(AND(_xlpm.maxVal=K395,O395<>0),_xlpm.maxVal,"")) | Y395: =_xlfn.LET(_xlpm.maxVal,_xlfn.MAXIFS($K:$K,$A:$A,A395),IF(AND(_xlpm.maxVal=K395,P395<>0),_xlpm.maxVal,"")) | Z395: =_xlfn.LET(_xlpm.maxVal,_xlfn.MAXIFS($K:$K,$A:$A,A395),IF(AND(_xlpm.maxVal=K395,Q395<>0),_xlpm.maxVal,"")) | AA395: =_xlfn.LET(_xlpm.maxVal,_xlfn.MAXIFS($K:$K,$A:$A,A395),IF(AND(_xlpm.maxVal=K395,R395<>0),_xlpm.maxVal,"")) | AB395: =_xlfn.LET(_xlpm.maxVal,_xlfn.MAXIFS($K:$K,$A:$A,A395),IF(AND(_xlpm.maxVal=K395,S395<>0),_xlpm.maxVal,"")) | AC395: =_xlfn.LET(_xlpm.maxVal,_xlfn.MAXIFS($K:$K,$A:$A,A395),IF(AND(_xlpm.maxVal=K395,T395<>0),_xlpm.maxVal,"")) | AD395: =$K395*L395*负载统计!$K$3/60 -> 0 | AE395: =$K395*L395*负载统计!$K$4/60 -> 0 | AF395: =$K395*N395*负载统计!$K$5/60 -> 0 | AG395: =$K395*O395*负载统计!$K$6/60 -> 0 | AH395: =$K395*P395*负载统计!$K$7/60 -> 0 | AI395: =$K395*Q395*负载统计!$K$8/60 -> 0 | AJ395: =$K395*R395*负载统计!$K$9/60 -> 0 | AK395: =$K395*S395*负载统计!$K$10/60 -> 0 | AL395: =$K395*T395*负载统计!$K$11/60 -> 0
... A403: 188 | B403: 8605Q5401-28V-2 | C403: EATA86 电推进系统 | D403: 构型A动力电池（含BMS与继电器开关）5 | E403: TBD | F403: 8605Q5401 | G403: =VLOOKUP(A403,负载电气特性!A:G,7,FALSE) -> 28 | H403: 否 | I403: 连续负载 | J403: 关闭 | K403: 0 | L403: 0 | M403: 0 | N403: 0 | O403: 0 | P403: 0 | Q403: 0 | R403: 0 | S403: 0 | T403: 0 | U403: =_xlfn.LET(_xlpm.maxVal,_xlfn.MAXIFS($K:$K,$A:$A,A403),IF(AND(_xlpm.maxVal=K403,L403<>0),_xlpm.maxVal,"")) | V403: =_xlfn.LET(_xlpm.maxVal,_xlfn.MAXIFS($K:$K,$A:$A,A403),IF(AND(_xlpm.maxVal=K403,M403<>0),_xlpm.maxVal,"")) | W403: =_xlfn.LET(_xlpm.maxVal,_xlfn.MAXIFS($K:$K,$A:$A,A403),IF(AND(_xlpm.maxVal=K403,N403<>0),_xlpm.maxVal,"")) | X403: =_xlfn.LET(_xlpm.maxVal,_xlfn.MAXIFS($K:$K,$A:$A,A403),IF(AND(_xlpm.maxVal=K403,O403<>0),_xlpm.maxVal,"")) | Y403: =_xlfn.LET(_xlpm.maxVal,_xlfn.MAXIFS($K:$K,$A:$A,A403),IF(AND(_xlpm.maxVal=K403,P403<>0),_xlpm.maxVal,"")) | Z403: =_xlfn.LET(_xlpm.maxVal,_xlfn.MAXIFS($K:$K,$A:$A,A403),IF(AND(_xlpm.maxVal=K403,Q403<>0),_xlpm.maxVal,"")) | AA403: =_xlfn.LET(_xlpm.maxVal,_xlfn.MAXIFS($K:$K,$A:$A,A403),IF(AND(_xlpm.maxVal=K403,R403<>0),_xlpm.maxVal,"")) | AB403: =_xlfn.LET(_xlpm.maxVal,_xlfn.MAXIFS($K:$K,$A:$A,A403),IF(AND(_xlpm.maxVal=K403,S403<>0),_xlpm.maxVal,"")) | AC403: =_xlfn.LET(_xlpm.maxVal,_xlfn.MAXIFS($K:$K,$A:$A,A403),IF(AND(_xlpm.maxVal=K403,T403<>0),_xlpm.maxVal,"")) | AD403: =$K403*L403*负载统计!$K$3/60 -> 0 | AE403: =$K403*L403*负载统计!$K$4/60 -> 0 | AF403: =$K403*N403*负载统计!$K$5/60 -> 0 | AG403: =$K403*O403*负载统计!$K$6/60 -> 0 | AH403: =$K403*P403*负载统计!$K$7/60 -> 0 | AI403: =$K403*Q403*负载统计!$K$8/60 -> 0 | AJ403: =$K403*R403*负载统计!$K$9/60 -> 0 | AK403: =$K403*S403*负载统计!$K$10/60 -> 0 | AL403: =$K403*T403*负载统计!$K$11/60 -> 0
A404: 189 | B404: 8600Q5601-TBD | C404: EATA86 电推进系统 | D404: 构型A动力电池冷却系统 | E404: TBD | F404: 8600Q5601 | G404: =VLOOKUP(A404,负载电气特性!A:G,7,FALSE) -> TBD | H404: TBD | I404: 连续负载 | J404: 工作 | K404: TBD | L404: TBD | M404: TBD | N404: TBD | O404: TBD | P404: TBD | Q404: TBD | R404: TBD | S404: TBD | T404: TBD | U404: =_xlfn.LET(_xlpm.maxVal,_xlfn.MAXIFS($K:$K,$A:$A,A404),IF(AND(_xlpm.maxVal=K404,L404<>0),_xlpm.maxVal,"")) | V404: =_xlfn.LET(_xlpm.maxVal,_xlfn.MAXIFS($K:$K,$A:$A,A404),IF(AND(_xlpm.maxVal=K404,M404<>0),_xlpm.maxVal,"")) | W404: =_xlfn.LET(_xlpm.maxVal,_xlfn.MAXIFS($K:$K,$A:$A,A404),IF(AND(_xlpm.maxVal=K404,N404<>0),_xlpm.maxVal,"")) | X404: =_xlfn.LET(_xlpm.maxVal,_xlfn.MAXIFS($K:$K,$A:$A,A404),IF(AND(_xlpm.maxVal=K404,O404<>0),_xlpm.maxVal,"")) | Y404: =_xlfn.LET(_xlpm.maxVal,_xlfn.MAXIFS($K:$K,$A:$A,A404),IF(AND(_xlpm.maxVal=K404,P404<>0),_xlpm.maxVal,"")) | Z404: =_xlfn.LET(_xlpm.maxVal,_xlfn.MAXIFS($K:$K,$A:$A,A404),IF(AND(_xlpm.maxVal=K404,Q404<>0),_xlpm.maxVal,"")) | AA404: =_xlfn.LET(_xlpm.maxVal,_xlfn.MAXIFS($K:$K,$A:$A,A404),IF(AND(_xlpm.maxVal=K404,R404<>0),_xlpm.maxVal,"")) | AB404: =_xlfn.LET(_xlpm.maxVal,_xlfn.MAXIFS($K:$K,$A:$A,A404),IF(AND(_xlpm.maxVal=K404,S404<>0),_xlpm.maxVal,"")) | AC404: =_xlfn.LET(_xlpm.maxVal,_xlfn.MAXIFS($K:$K,$A:$A,A404),IF(AND(_xlpm.maxVal=K404,T404<>0),_xlpm.maxVal,"")) | AD404: 0 | AE404: 0 | AF404: 0 | AG404: 0 | AH404: 0 | AI404: 0 | AJ404: 0 | AK404: 0 | AL404: 0
A405: 189 | B405: 8600Q5601-TBD | C405: EATA86 电推进系统 | D405: 构型A动力电池冷却系统 | E405: TBD | F405: 8600Q5601 | G405: =VLOOKUP(A405,负载电气特性!A:G,7,FALSE) -> TBD | H405: TBD | I405: 连续负载 | J405: 关闭 | K405: 0 | L405: 0 | M405: 0 | N405: 0 | O405: 0 | P405: 0 | Q405: 0 | R405: 0 | S405: 0 | T405: 0 | U405: =_xlfn.LET(_xlpm.maxVal,_xlfn.MAXIFS($K:$K,$A:$A,A405),IF(AND(_xlpm.maxVal=K405,L405<>0),_xlpm.maxVal,"")) | V405: =_xlfn.LET(_xlpm.maxVal,_xlfn.MAXIFS($K:$K,$A:$A,A405),IF(AND(_xlpm.maxVal=K405,M405<>0),_xlpm.maxVal,"")) | W405: =_xlfn.LET(_xlpm.maxVal,_xlfn.MAXIFS($K:$K,$A:$A,A405),IF(AND(_xlpm.maxVal=K405,N405<>0),_xlpm.maxVal,"")) | X405: =_xlfn.LET(_xlpm.maxVal,_xlfn.MAXIFS($K:$K,$A:$A,A405),IF(AND(_xlpm.maxVal=K405,O405<>0),_xlpm.maxVal,"")) | Y405: =_xlfn.LET(_xlpm.maxVal,_xlfn.MAXIFS($K:$K,$A:$A,A405),IF(AND(_xlpm.maxVal=K405,P405<>0),_xlpm.maxVal,"")) | Z405: =_xlfn.LET(_xlpm.maxVal,_xlfn.MAXIFS($K:$K,$A:$A,A405),IF(AND(_xlpm.maxVal=K405,Q405<>0),_xlpm.maxVal,"")) | AA405: =_xlfn.LET(_xlpm.maxVal,_xlfn.MAXIFS($K:$K,$A:$A,A405),IF(AND(_xlpm.maxVal=K405,R405<>0),_xlpm.maxVal,"")) | AB405: =_xlfn.LET(_xlpm.maxVal,_xlfn.MAXIFS($K:$K,$A:$A,A405),IF(AND(_xlpm.maxVal=K405,S405<>0),_xlpm.maxVal,"")) | AC405: =_xlfn.LET(_xlpm.maxVal,_xlfn.MAXIFS($K:$K,$A:$A,A405),IF(AND(_xlpm.maxVal=K405,T405<>0),_xlpm.maxVal,"")) | AD405: =$K405*L405*负载统计!$K$3/60 -> 0 | AE405: =$K405*L405*负载统计!$K$4/60 -> 0 | AF405: =$K405*N405*负载统计!$K$5/60 -> 0 | AG405: =$K405*O405*负载统计!$K$6/60 -> 0 | AH405: =$K405*P405*负载统计!$K$7/60 -> 0 | AI405: =$K405*Q405*负载统计!$K$8/60 -> 0 | AJ405: =$K405*R405*负载统计!$K$9/60 -> 0 | AK405: =$K405*S405*负载统计!$K$10/60 -> 0 | AL405: =$K405*T405*负载统计!$K$11/60 -> 0
A406: 190 | B406: 9002D2101-28V | C406: EATA90 自主飞行系统 | D406: 视觉传感器/相机1 | E406: 9013E01101G900 | F406: 9002D2101 | G406: =VLOOKUP(A406,负载电气特性!A:G,7,FALSE) -> 28 | H406: 是 | I406: 连续负载 | J406: 工作 | K406: 0.02 | L406: 1 | M406: 1 | N406: 1 | O406: 1 | P406: 1 | Q406: 1 | R406: 1 | S406: 1 | T406: 1 | U406: =_xlfn.LET(_xlpm.maxVal,_xlfn.MAXIFS($K:$K,$A:$A,A406),IF(AND(_xlpm.maxVal=K406,L406<>0),_xlpm.maxVal,"")) -> 0.02 | V406: =_xlfn.LET(_xlpm.maxVal,_xlfn.MAXIFS($K:$K,$A:$A,A406),IF(AND(_xlpm.maxVal=K406,M406<>0),_xlpm.maxVal,"")) -> 0.02 | W406: =_xlfn.LET(_xlpm.maxVal,_xlfn.MAXIFS($K:$K,$A:$A,A406),IF(AND(_xlpm.maxVal=K406,N406<>0),_xlpm.maxVal,"")) -> 0.02 | X406: =_xlfn.LET(_xlpm.maxVal,_xlfn.MAXIFS($K:$K,$A:$A,A406),IF(AND(_xlpm.maxVal=K406,O406<>0),_xlpm.maxVal,"")) -> 0.02 | Y406: =_xlfn.LET(_xlpm.maxVal,_xlfn.MAXIFS($K:$K,$A:$A,A406),IF(AND(_xlpm.maxVal=K406,P406<>0),_xlpm.maxVal,"")) -> 0.02 | Z406: =_xlfn.LET(_xlpm.maxVal,_xlfn.MAXIFS($K:$K,$A:$A,A406),IF(AND(_xlpm.maxVal=K406,Q406<>0),_xlpm.maxVal,"")) -> 0.02 | AA406: =_xlfn.LET(_xlpm.maxVal,_xlfn.MAXIFS($K:$K,$A:$A,A406),IF(AND(_xlpm.maxVal=K406,R406<>0),_xlpm.maxVal,"")) -> 0.02 | AB406: =_xlfn.LET(_xlpm.maxVal,_xlfn.MAXIFS($K:$K,$A:$A,A406),IF(AND(_xlpm.maxVal=K406,S406<>0),_xlpm.maxVal,"")) -> 0.02 | AC406: =_xlfn.LET(_xlpm.maxVal,_xlfn.MAXIFS($K:$K,$A:$A,A406),IF(AND(_xlpm.maxVal=K406,T406<>0),_xlpm.maxVal,"")) -> 0.02 | AD406: =$K406*L406*负载统计!$K$3/60 -> 0 | AE406: =$K406*L406*负载统计!$K$4/60 -> 0 | AF406: =$K406*N406*负载统计!$K$5/60 -> 0.00033333333 | AG406: =$K406*O406*负载统计!$K$6/60 -> 0.001 | AH406: =$K406*P406*负载统计!$K$7/60 -> 0.0022566667 | AI406: =$K406*Q406*负载统计!$K$8/60 -> 0.014533333 | AJ406: =$K406*R406*负载统计!$K$9/60 -> 0.0046166667 | AK406: =$K406*S406*负载统计!$K$10/60 -> 0.00016666667 | AL406: =$K406*T406*负载统计!$K$11/60 -> 0.0013333333
A407: 190 | B407: 9002D2101-28V | C407: EATA90 自主飞行系统 | D407: 视觉传感器/相机1 | E407: 9013E01101G900 | F407: 9002D2101 | G407: =VLOOKUP(A407,负载电气特性!A:G,7,FALSE) -> 28 | H407: 是 | I407: 连续负载 | J407: 关闭 | K407: 0 | L407: 0 | M407: 0 | N407: 0 | O407: 0 | P407: 0 | Q407: 0 | R407: 0 | S407: 0 | T407: 0 | U407: =_xlfn.LET(_xlpm.maxVal,_xlfn.MAXIFS($K:$K,$A:$A,A407),IF(AND(_xlpm.maxVal=K407,L407<>0),_xlpm.maxVal,"")) | V407: =_xlfn.LET(_xlpm.maxVal,_xlfn.MAXIFS($K:$K,$A:$A,A407),IF(AND(_xlpm.maxVal=K407,M407<>0),_xlpm.maxVal,"")) | W407: =_xlfn.LET(_xlpm.maxVal,_xlfn.MAXIFS($K:$K,$A:$A,A407),IF(AND(_xlpm.maxVal=K407,N407<>0),_xlpm.maxVal,"")) | X407: =_xlfn.LET(_xlpm.maxVal,_xlfn.MAXIFS($K:$K,$A:$A,A407),IF(AND(_xlpm.maxVal=K407,O407<>0),_xlpm.maxVal,"")) | Y407: =_xlfn.LET(_xlpm.maxVal,_xlfn.MAXIFS($K:$K,$A:$A,A407),IF(AND(_xlpm.maxVal=K407,P407<>0),_xlpm.maxVal,"")) | Z407: =_xlfn.LET(_xlpm.maxVal,_xlfn.MAXIFS($K:$K,$A:$A,A407),IF(AND(_xlpm.maxVal=K407,Q407<>0),_xlpm.maxVal,"")) | AA407: =_xlfn.LET(_xlpm.maxVal,_xlfn.MAXIFS($K:$K,$A:$A,A407),IF(AND(_xlpm.maxVal=K407,R407<>0),_xlpm.maxVal,"")) | AB407: =_xlfn.LET(_xlpm.maxVal,_xlfn.MAXIFS($K:$K,$A:$A,A407),IF(AND(_xlpm.maxVal=K407,S407<>0),_xlpm.maxVal,"")) | AC407: =_xlfn.LET(_xlpm.maxVal,_xlfn.MAXIFS($K:$K,$A:$A,A407),IF(AND(_xlpm.maxVal=K407,T407<>0),_xlpm.maxVal,"")) | AD407: =$K407*L407*负载统计!$K$3/60 -> 0 | AE407: =$K407*L407*负载统计!$K$4/60 -> 0 | AF407: =$K407*N407*负载统计!$K$5/60 -> 0 | AG407: =$K407*O407*负载统计!$K$6/60 -> 0 | AH407: =$K407*P407*负载统计!$K$7/60 -> 0 | AI407: =$K407*Q407*负载统计!$K$8/60 -> 0 | AJ407: =$K407*R407*负载统计!$K$9/60 -> 0 | AK407: =$K407*S407*负载统计!$K$10/60 -> 0 | AL407: =$K407*T407*负载统计!$K$11/60 -> 0
A408: 191 | B408: 9002D2103-28V | C408: EATA90 自主飞行系统 | D408: 视觉传感器/相机2 | E408: 9013E01103G900 | F408: 9002D2103 | G408: =VLOOKUP(A408,负载电气特性!A:G,7,FALSE) -> 28 | H408: 是 | I408: 连续负载 | J408: 工作 | K408: 0.02 | L408: 1 | M408: 1 | N408: 1 | O408: 1 | P408: 1 | Q408: 1 | R408: 1 | S408: 1 | T408: 1 | U408: =_xlfn.LET(_xlpm.maxVal,_xlfn.MAXIFS($K:$K,$A:$A,A408),IF(AND(_xlpm.maxVal=K408,L408<>0),_xlpm.maxVal,"")) -> 0.02 | V408: =_xlfn.LET(_xlpm.maxVal,_xlfn.MAXIFS($K:$K,$A:$A,A408),IF(AND(_xlpm.maxVal=K408,M408<>0),_xlpm.maxVal,"")) -> 0.02 | W408: =_xlfn.LET(_xlpm.maxVal,_xlfn.MAXIFS($K:$K,$A:$A,A408),IF(AND(_xlpm.maxVal=K408,N408<>0),_xlpm.maxVal,"")) -> 0.02 | X408: =_xlfn.LET(_xlpm.maxVal,_xlfn.MAXIFS($K:$K,$A:$A,A408),IF(AND(_xlpm.maxVal=K408,O408<>0),_xlpm.maxVal,"")) -> 0.02 | Y408: =_xlfn.LET(_xlpm.maxVal,_xlfn.MAXIFS($K:$K,$A:$A,A408),IF(AND(_xlpm.maxVal=K408,P408<>0),_xlpm.maxVal,"")) -> 0.02 | Z408: =_xlfn.LET(_xlpm.maxVal,_xlfn.MAXIFS($K:$K,$A:$A,A408),IF(AND(_xlpm.maxVal=K408,Q408<>0),_xlpm.maxVal,"")) -> 0.02 | AA408: =_xlfn.LET(_xlpm.maxVal,_xlfn.MAXIFS($K:$K,$A:$A,A408),IF(AND(_xlpm.maxVal=K408,R408<>0),_xlpm.maxVal,"")) -> 0.02 | AB408: =_xlfn.LET(_xlpm.maxVal,_xlfn.MAXIFS($K:$K,$A:$A,A408),IF(AND(_xlpm.maxVal=K408,S408<>0),_xlpm.maxVal,"")) -> 0.02 | AC408: =_xlfn.LET(_xlpm.maxVal,_xlfn.MAXIFS($K:$K,$A:$A,A408),IF(AND(_xlpm.maxVal=K408,T408<>0),_xlpm.maxVal,"")) -> 0.02 | AD408: =$K408*L408*负载统计!$K$3/60 -> 0 | AE408: =$K408*L408*负载统计!$K$4/60 -> 0 | AF408: =$K408*N408*负载统计!$K$5/60 -> 0.00033333333 | AG408: =$K408*O408*负载统计!$K$6/60 -> 0.001 | AH408: =$K408*P408*负载统计!$K$7/60 -> 0.0022566667 | AI408: =$K408*Q408*负载统计!$K$8/60 -> 0.014533333 | AJ408: =$K408*R408*负载统计!$K$9/60 -> 0.0046166667 | AK408: =$K408*S408*负载统计!$K$10/60 -> 0.00016666667 | AL408: =$K408*T408*负载统计!$K$11/60 -> 0.0013333333
A409: 191 | B409: 9002D2103-28V | C409: EATA90 自主飞行系统 | D409: 视觉传感器/相机2 | E409: 9013E01103G900 | F409: 9002D2103 | G409: =VLOOKUP(A409,负载电气特性!A:G,7,FALSE) -> 28 | H409: 是 | I409: 连续负载 | J409: 关闭 | K409: 0 | L409: 0 | M409: 0 | N409: 0 | O409: 0 | P409: 0 | Q409: 0 | R409: 0 | S409: 0 | T409: 0 | U409: =_xlfn.LET(_xlpm.maxVal,_xlfn.MAXIFS($K:$K,$A:$A,A409),IF(AND(_xlpm.maxVal=K409,L409<>0),_xlpm.maxVal,"")) | V409: =_xlfn.LET(_xlpm.maxVal,_xlfn.MAXIFS($K:$K,$A:$A,A409),IF(AND(_xlpm.maxVal=K409,M409<>0),_xlpm.maxVal,"")) | W409: =_xlfn.LET(_xlpm.maxVal,_xlfn.MAXIFS($K:$K,$A:$A,A409),IF(AND(_xlpm.maxVal=K409,N409<>0),_xlpm.maxVal,"")) | X409: =_xlfn.LET(_xlpm.maxVal,_xlfn.MAXIFS($K:$K,$A:$A,A409),IF(AND(_xlpm.maxVal=K409,O409<>0),_xlpm.maxVal,"")) | Y409: =_xlfn.LET(_xlpm.maxVal,_xlfn.MAXIFS($K:$K,$A:$A,A409),IF(AND(_xlpm.maxVal=K409,P409<>0),_xlpm.maxVal,"")) | Z409: =_xlfn.LET(_xlpm.maxVal,_xlfn.MAXIFS($K:$K,$A:$A,A409),IF(AND(_xlpm.maxVal=K409,Q409<>0),_xlpm.maxVal,"")) | AA409: =_xlfn.LET(_xlpm.maxVal,_xlfn.MAXIFS($K:$K,$A:$A,A409),IF(AND(_xlpm.maxVal=K409,R409<>0),_xlpm.maxVal,"")) | AB409: =_xlfn.LET(_xlpm.maxVal,_xlfn.MAXIFS($K:$K,$A:$A,A409),IF(AND(_xlpm.maxVal=K409,S409<>0),_xlpm.maxVal,"")) | AC409: =_xlfn.LET(_xlpm.maxVal,_xlfn.MAXIFS($K:$K,$A:$A,A409),IF(AND(_xlpm.maxVal=K409,T409<>0),_xlpm.maxVal,"")) | AD409: =$K409*L409*负载统计!$K$3/60 -> 0 | AE409: =$K409*L409*负载统计!$K$4/60 -> 0 | AF409: =$K409*N409*负载统计!$K$5/60 -> 0 | AG409: =$K409*O409*负载统计!$K$6/60 -> 0 | AH409: =$K409*P409*负载统计!$K$7/60 -> 0 | AI409: =$K409*Q409*负载统计!$K$8/60 -> 0 | AJ409: =$K409*R409*负载统计!$K$9/60 -> 0 | AK409: =$K409*S409*负载统计!$K$10/60 -> 0 | AL409: =$K409*T409*负载统计!$K$11/60 -> 0
A410: 192 | B410: 9002D2105-28V | C410: EATA90 自主飞行系统 | D410: 视觉传感器/相机3 | E410: 9013E01101G900 | F410: 9002D2105 | G410: =VLOOKUP(A410,负载电气特性!A:G,7,FALSE) -> 28 | H410: 是 | I410: 连续负载 | J410: 工作 | K410: 0.02 | L410: 1 | M410: 1 | N410: 1 | O410: 1 | P410: 1 | Q410: 1 | R410: 1 | S410: 1 | T410: 1 | U410: =_xlfn.LET(_xlpm.maxVal,_xlfn.MAXIFS($K:$K,$A:$A,A410),IF(AND(_xlpm.maxVal=K410,L410<>0),_xlpm.maxVal,"")) -> 0.02 | V410: =_xlfn.LET(_xlpm.maxVal,_xlfn.MAXIFS($K:$K,$A:$A,A410),IF(AND(_xlpm.maxVal=K410,M410<>0),_xlpm.maxVal,"")) -> 0.02 | W410: =_xlfn.LET(_xlpm.maxVal,_xlfn.MAXIFS($K:$K,$A:$A,A410),IF(AND(_xlpm.maxVal=K410,N410<>0),_xlpm.maxVal,"")) -> 0.02 | X410: =_xlfn.LET(_xlpm.maxVal,_xlfn.MAXIFS($K:$K,$A:$A,A410),IF(AND(_xlpm.maxVal=K410,O410<>0),_xlpm.maxVal,"")) -> 0.02 | Y410: =_xlfn.LET(_xlpm.maxVal,_xlfn.MAXIFS($K:$K,$A:$A,A410),IF(AND(_xlpm.maxVal=K410,P410<>0),_xlpm.maxVal,"")) -> 0.02 | Z410: =_xlfn.LET(_xlpm.maxVal,_xlfn.MAXIFS($K:$K,$A:$A,A410),IF(AND(_xlpm.maxVal=K410,Q410<>0),_xlpm.maxVal,"")) -> 0.02 | AA410: =_xlfn.LET(_xlpm.maxVal,_xlfn.MAXIFS($K:$K,$A:$A,A410),IF(AND(_xlpm.maxVal=K410,R410<>0),_xlpm.maxVal,"")) -> 0.02 | AB410: =_xlfn.LET(_xlpm.maxVal,_xlfn.MAXIFS($K:$K,$A:$A,A410),IF(AND(_xlpm.maxVal=K410,S410<>0),_xlpm.maxVal,"")) -> 0.02 | AC410: =_xlfn.LET(_xlpm.maxVal,_xlfn.MAXIFS($K:$K,$A:$A,A410),IF(AND(_xlpm.maxVal=K410,T410<>0),_xlpm.maxVal,"")) -> 0.02 | AD410: =$K410*L410*负载统计!$K$3/60 -> 0 | AE410: =$K410*L410*负载统计!$K$4/60 -> 0 | AF410: =$K410*N410*负载统计!$K$5/60 -> 0.00033333333 | AG410: =$K410*O410*负载统计!$K$6/60 -> 0.001 | AH410: =$K410*P410*负载统计!$K$7/60 -> 0.0022566667 | AI410: =$K410*Q410*负载统计!$K$8/60 -> 0.014533333 | AJ410: =$K410*R410*负载统计!$K$9/60 -> 0.0046166667 | AK410: =$K410*S410*负载统计!$K$10/60 -> 0.00016666667 | AL410: =$K410*T410*负载统计!$K$11/60 -> 0.0013333333
A411: 192 | B411: 9002D2105-28V | C411: EATA90 自主飞行系统 | D411: 视觉传感器/相机3 | E411: 9013E01101G900 | F411: 9002D2105 | G411: =VLOOKUP(A411,负载电气特性!A:G,7,FALSE) -> 28 | H411: 是 | I411: 连续负载 | J411: 关闭 | K411: 0 | L411: 0 | M411: 0 | N411: 0 | O411: 0 | P411: 0 | Q411: 0 | R411: 0 | S411: 0 | T411: 0 | U411: =_xlfn.LET(_xlpm.maxVal,_xlfn.MAXIFS($K:$K,$A:$A,A411),IF(AND(_xlpm.maxVal=K411,L411<>0),_xlpm.maxVal,"")) | V411: =_xlfn.LET(_xlpm.maxVal,_xlfn.MAXIFS($K:$K,$A:$A,A411),IF(AND(_xlpm.maxVal=K411,M411<>0),_xlpm.maxVal,"")) | W411: =_xlfn.LET(_xlpm.maxVal,_xlfn.MAXIFS($K:$K,$A:$A,A411),IF(AND(_xlpm.maxVal=K411,N411<>0),_xlpm.maxVal,"")) | X411: =_xlfn.LET(_xlpm.maxVal,_xlfn.MAXIFS($K:$K,$A:$A,A411),IF(AND(_xlpm.maxVal=K411,O411<>0),_xlpm.maxVal,"")) | Y411: =_xlfn.LET(_xlpm.maxVal,_xlfn.MAXIFS($K:$K,$A:$A,A411),IF(AND(_xlpm.maxVal=K411,P411<>0),_xlpm.maxVal,"")) | Z411: =_xlfn.LET(_xlpm.maxVal,_xlfn.MAXIFS($K:$K,$A:$A,A411),IF(AND(_xlpm.maxVal=K411,Q411<>0),_xlpm.maxVal,"")) | AA411: =_xlfn.LET(_xlpm.maxVal,_xlfn.MAXIFS($K:$K,$A:$A,A411),IF(AND(_xlpm.maxVal=K411,R411<>0),_xlpm.maxVal,"")) | AB411: =_xlfn.LET(_xlpm.maxVal,_xlfn.MAXIFS($K:$K,$A:$A,A411),IF(AND(_xlpm.maxVal=K411,S411<>0),_xlpm.maxVal,"")) | AC411: =_xlfn.LET(_xlpm.maxVal,_xlfn.MAXIFS($K:$K,$A:$A,A411),IF(AND(_xlpm.maxVal=K411,T411<>0),_xlpm.maxVal,"")) | AD411: =$K411*L411*负载统计!$K$3/60 -> 0 | AE411: =$K411*L411*负载统计!$K$4/60 -> 0 | AF411: =$K411*N411*负载统计!$K$5/60 -> 0 | AG411: =$K411*O411*负载统计!$K$6/60 -> 0 | AH411: =$K411*P411*负载统计!$K$7/60 -> 0 | AI411: =$K411*Q411*负载统计!$K$8/60 -> 0 | AJ411: =$K411*R411*负载统计!$K$9/60 -> 0 | AK411: =$K411*S411*负载统计!$K$10/60 -> 0 | AL411: =$K411*T411*负载统计!$K$11/60 -> 0
A412: 193 | B412: 9002D2107-28V | C412: EATA90 自主飞行系统 | D412: 视觉传感器/相机4 | E412: 9013E01103G900 | F412: 9002D2107 | G412: =VLOOKUP(A412,负载电气特性!A:G,7,FALSE) -> 28 | H412: 是 | I412: 连续负载 | J412: 工作 | K412: 0.02 | L412: 1 | M412: 1 | N412: 1 | O412: 1 | P412: 1 | Q412: 1 | R412: 1 | S412: 1 | T412: 1 | U412: =_xlfn.LET(_xlpm.maxVal,_xlfn.MAXIFS($K:$K,$A:$A,A412),IF(AND(_xlpm.maxVal=K412,L412<>0),_xlpm.maxVal,"")) -> 0.02 | V412: =_xlfn.LET(_xlpm.maxVal,_xlfn.MAXIFS($K:$K,$A:$A,A412),IF(AND(_xlpm.maxVal=K412,M412<>0),_xlpm.maxVal,"")) -> 0.02 | W412: =_xlfn.LET(_xlpm.maxVal,_xlfn.MAXIFS($K:$K,$A:$A,A412),IF(AND(_xlpm.maxVal=K412,N412<>0),_xlpm.maxVal,"")) -> 0.02 | X412: =_xlfn.LET(_xlpm.maxVal,_xlfn.MAXIFS($K:$K,$A:$A,A412),IF(AND(_xlpm.maxVal=K412,O412<>0),_xlpm.maxVal,"")) -> 0.02 | Y412: =_xlfn.LET(_xlpm.maxVal,_xlfn.MAXIFS($K:$K,$A:$A,A412),IF(AND(_xlpm.maxVal=K412,P412<>0),_xlpm.maxVal,"")) -> 0.02 | Z412: =_xlfn.LET(_xlpm.maxVal,_xlfn.MAXIFS($K:$K,$A:$A,A412),IF(AND(_xlpm.maxVal=K412,Q412<>0),_xlpm.maxVal,"")) -> 0.02 | AA412: =_xlfn.LET(_xlpm.maxVal,_xlfn.MAXIFS($K:$K,$A:$A,A412),IF(AND(_xlpm.maxVal=K412,R412<>0),_xlpm.maxVal,"")) -> 0.02 | AB412: =_xlfn.LET(_xlpm.maxVal,_xlfn.MAXIFS($K:$K,$A:$A,A412),IF(AND(_xlpm.maxVal=K412,S412<>0),_xlpm.maxVal,"")) -> 0.02 | AC412: =_xlfn.LET(_xlpm.maxVal,_xlfn.MAXIFS($K:$K,$A:$A,A412),IF(AND(_xlpm.maxVal=K412,T412<>0),_xlpm.maxVal,"")) -> 0.02 | AD412: =$K412*L412*负载统计!$K$3/60 -> 0 | AE412: =$K412*L412*负载统计!$K$4/60 -> 0 | AF412: =$K412*N412*负载统计!$K$5/60 -> 0.00033333333 | AG412: =$K412*O412*负载统计!$K$6/60 -> 0.001 | AH412: =$K412*P412*负载统计!$K$7/60 -> 0.0022566667 | AI412: =$K412*Q412*负载统计!$K$8/60 -> 0.014533333 | AJ412: =$K412*R412*负载统计!$K$9/60 -> 0.0046166667 | AK412: =$K412*S412*负载统计!$K$10/60 -> 0.00016666667 | AL412: =$K412*T412*负载统计!$K$11/60 -> 0.0013333333
